{"rows": [
    {"key.name": "course_settings:assessment", "data": "{\"progress\": {\"de\": 0}}", "key.id": null, "key": "ahhzfnNjaHdlaXplcmRldXRzY2hvbmxpbmVyMgsSEkkxOG5Qcm9ncmVzc0VudGl0eSIaY291cnNlX3NldHRpbmdzOmFzc2Vzc21lbnQMogEJbnNfc2FtcGxl"},
    {"key.name": "course_settings:course", "data": "{\"progress\": {\"de\": 0}}", "key.id": null, "key": "ahhzfnNjaHdlaXplcmRldXRzY2hvbmxpbmVyLgsSEkkxOG5Qcm9ncmVzc0VudGl0eSIWY291cnNlX3NldHRpbmdzOmNvdXJzZQyiAQluc19zYW1wbGU"},
    {"key.name": "course_settings:homepage", "data": "{\"progress\": {\"de\": 0}, \"is_i18n\": false}", "key.id": null, "key": "ahhzfnNjaHdlaXplcmRldXRzY2hvbmxpbmVyMAsSEkkxOG5Qcm9ncmVzc0VudGl0eSIYY291cnNlX3NldHRpbmdzOmhvbWVwYWdlDKIBCW5zX3NhbXBsZQ"},
    {"key.name": "course_settings:i18n", "data": "{\"progress\": {\"de\": 2}}", "key.id": null, "key": "ahhzfnNjaHdlaXplcmRldXRzY2hvbmxpbmVyLAsSEkkxOG5Qcm9ncmVzc0VudGl0eSIUY291cnNlX3NldHRpbmdzOmkxOG4MogEJbnNfc2FtcGxl"},
    {"key.name": "course_settings:invitation", "data": "{\"progress\": {\"de\": 2}}", "key.id": null, "key": "ahhzfnNjaHdlaXplcmRldXRzY2hvbmxpbmVyMgsSEkkxOG5Qcm9ncmVzc0VudGl0eSIaY291cnNlX3NldHRpbmdzOmludml0YXRpb24MogEJbnNfc2FtcGxl"},
    {"key.name": "course_settings:registration", "data": "{\"progress\": {\"de\": 0}, \"is_i18n\": false}", "key.id": null, "key": "ahhzfnNjaHdlaXplcmRldXRzY2hvbmxpbmVyNAsSEkkxOG5Qcm9ncmVzc0VudGl0eSIcY291cnNlX3NldHRpbmdzOnJlZ2lzdHJhdGlvbgyiAQluc19zYW1wbGU"},
    {"key.name": "course_settings:unit", "data": "{\"progress\": {\"de\": 2}, \"is_i18n\": false}", "key.id": null, "key": "ahhzfnNjaHdlaXplcmRldXRzY2hvbmxpbmVyLAsSEkkxOG5Qcm9ncmVzc0VudGl0eSIUY291cnNlX3NldHRpbmdzOnVuaXQMogEJbnNfc2FtcGxl"},
    {"key.name": "lesson:100", "data": "{\"progress\": {\"de\": 0}}", "key.id": null, "key": "ahhzfnNjaHdlaXplcmRldXRzY2hvbmxpbmVyIgsSEkkxOG5Qcm9ncmVzc0VudGl0eSIKbGVzc29uOjEwMAyiAQluc19zYW1wbGU"},
    {"key.name": "lesson:101", "data": "{\"progress\": {\"de\": 0}}", "key.id": null, "key": "ahhzfnNjaHdlaXplcmRldXRzY2hvbmxpbmVyIgsSEkkxOG5Qcm9ncmVzc0VudGl0eSIKbGVzc29uOjEwMQyiAQluc19zYW1wbGU"},
    {"key.name": "lesson:102", "data": "{\"progress\": {\"de\": 0}}", "key.id": null, "key": "ahhzfnNjaHdlaXplcmRldXRzY2hvbmxpbmVyIgsSEkkxOG5Qcm9ncmVzc0VudGl0eSIKbGVzc29uOjEwMgyiAQluc19zYW1wbGU"},
    {"key.name": "lesson:103", "data": "{\"progress\": {\"de\": 0}}", "key.id": null, "key": "ahhzfnNjaHdlaXplcmRldXRzY2hvbmxpbmVyIgsSEkkxOG5Qcm9ncmVzc0VudGl0eSIKbGVzc29uOjEwMwyiAQluc19zYW1wbGU"},
    {"key.name": "lesson:104", "data": "{\"progress\": {\"de\": 0}}", "key.id": null, "key": "ahhzfnNjaHdlaXplcmRldXRzY2hvbmxpbmVyIgsSEkkxOG5Qcm9ncmVzc0VudGl0eSIKbGVzc29uOjEwNAyiAQluc19zYW1wbGU"},
    {"key.name": "lesson:105", "data": "{\"progress\": {\"de\": 0}}", "key.id": null, "key": "ahhzfnNjaHdlaXplcmRldXRzY2hvbmxpbmVyIgsSEkkxOG5Qcm9ncmVzc0VudGl0eSIKbGVzc29uOjEwNQyiAQluc19zYW1wbGU"},
    {"key.name": "lesson:106", "data": "{\"progress\": {\"de\": 0}}", "key.id": null, "key": "ahhzfnNjaHdlaXplcmRldXRzY2hvbmxpbmVyIgsSEkkxOG5Qcm9ncmVzc0VudGl0eSIKbGVzc29uOjEwNgyiAQluc19zYW1wbGU"},
    {"key.name": "lesson:107", "data": "{\"progress\": {\"de\": 0}}", "key.id": null, "key": "ahhzfnNjaHdlaXplcmRldXRzY2hvbmxpbmVyIgsSEkkxOG5Qcm9ncmVzc0VudGl0eSIKbGVzc29uOjEwNwyiAQluc19zYW1wbGU"},
    {"key.name": "lesson:108", "data": "{\"progress\": {\"de\": 0}}", "key.id": null, "key": "ahhzfnNjaHdlaXplcmRldXRzY2hvbmxpbmVyIgsSEkkxOG5Qcm9ncmVzc0VudGl0eSIKbGVzc29uOjEwOAyiAQluc19zYW1wbGU"},
    {"key.name": "lesson:109", "data": "{\"progress\": {\"de\": 0}, \"is_i18n\": false}", "key.id": null, "key": "ahhzfnNjaHdlaXplcmRldXRzY2hvbmxpbmVyIgsSEkkxOG5Qcm9ncmVzc0VudGl0eSIKbGVzc29uOjEwOQyiAQluc19zYW1wbGU"},
    {"key.name": "lesson:110", "data": "{\"progress\": {\"de\": 0}}", "key.id": null, "key": "ahhzfnNjaHdlaXplcmRldXRzY2hvbmxpbmVyIgsSEkkxOG5Qcm9ncmVzc0VudGl0eSIKbGVzc29uOjExMAyiAQluc19zYW1wbGU"},
    {"key.name": "lesson:111", "data": "{\"progress\": {\"de\": 0}}", "key.id": null, "key": "ahhzfnNjaHdlaXplcmRldXRzY2hvbmxpbmVyIgsSEkkxOG5Qcm9ncmVzc0VudGl0eSIKbGVzc29uOjExMQyiAQluc19zYW1wbGU"},
    {"key.name": "lesson:112", "data": "{\"progress\": {\"de\": 0}, \"is_i18n\": false}", "key.id": null, "key": "ahhzfnNjaHdlaXplcmRldXRzY2hvbmxpbmVyIgsSEkkxOG5Qcm9ncmVzc0VudGl0eSIKbGVzc29uOjExMgyiAQluc19zYW1wbGU"},
    {"key.name": "lesson:113", "data": "{\"progress\": {\"de\": 0}}", "key.id": null, "key": "ahhzfnNjaHdlaXplcmRldXRzY2hvbmxpbmVyIgsSEkkxOG5Qcm9ncmVzc0VudGl0eSIKbGVzc29uOjExMwyiAQluc19zYW1wbGU"},
    {"key.name": "lesson:114", "data": "{\"progress\": {\"de\": 0}, \"is_i18n\": false}", "key.id": null, "key": "ahhzfnNjaHdlaXplcmRldXRzY2hvbmxpbmVyIgsSEkkxOG5Qcm9ncmVzc0VudGl0eSIKbGVzc29uOjExNAyiAQluc19zYW1wbGU"},
    {"key.name": "lesson:115", "data": "{\"progress\": {\"de\": 0}}", "key.id": null, "key": "ahhzfnNjaHdlaXplcmRldXRzY2hvbmxpbmVyIgsSEkkxOG5Qcm9ncmVzc0VudGl0eSIKbGVzc29uOjExNQyiAQluc19zYW1wbGU"},
    {"key.name": "lesson:116", "data": "{\"progress\": {\"de\": 0}, \"is_i18n\": false}", "key.id": null, "key": "ahhzfnNjaHdlaXplcmRldXRzY2hvbmxpbmVyIgsSEkkxOG5Qcm9ncmVzc0VudGl0eSIKbGVzc29uOjExNgyiAQluc19zYW1wbGU"},
    {"key.name": "lesson:3", "data": "{\"progress\": {\"de\": 0}, \"is_i18n\": false}", "key.id": null, "key": "ahhzfnNjaHdlaXplcmRldXRzY2hvbmxpbmVyIAsSEkkxOG5Qcm9ncmVzc0VudGl0eSIIbGVzc29uOjMMogEJbnNfc2FtcGxl"},
    {"key.name": "lesson:91", "data": "{\"progress\": {\"de\": 0}, \"is_i18n\": false}", "key.id": null, "key": "ahhzfnNjaHdlaXplcmRldXRzY2hvbmxpbmVyIQsSEkkxOG5Qcm9ncmVzc0VudGl0eSIJbGVzc29uOjkxDKIBCW5zX3NhbXBsZQ"},
    {"key.name": "lesson:92", "data": "{\"progress\": {\"de\": 0}, \"is_i18n\": false}", "key.id": null, "key": "ahhzfnNjaHdlaXplcmRldXRzY2hvbmxpbmVyIQsSEkkxOG5Qcm9ncmVzc0VudGl0eSIJbGVzc29uOjkyDKIBCW5zX3NhbXBsZQ"},
    {"key.name": "lesson:93", "data": "{\"progress\": {\"de\": 0}, \"is_i18n\": false}", "key.id": null, "key": "ahhzfnNjaHdlaXplcmRldXRzY2hvbmxpbmVyIQsSEkkxOG5Qcm9ncmVzc0VudGl0eSIJbGVzc29uOjkzDKIBCW5zX3NhbXBsZQ"},
    {"key.name": "lesson:97", "data": "{\"progress\": {\"de\": 0}}", "key.id": null, "key": "ahhzfnNjaHdlaXplcmRldXRzY2hvbmxpbmVyIQsSEkkxOG5Qcm9ncmVzc0VudGl0eSIJbGVzc29uOjk3DKIBCW5zX3NhbXBsZQ"},
    {"key.name": "lesson:98", "data": "{\"progress\": {\"de\": 0}, \"is_i18n\": false}", "key.id": null, "key": "ahhzfnNjaHdlaXplcmRldXRzY2hvbmxpbmVyIQsSEkkxOG5Qcm9ncmVzc0VudGl0eSIJbGVzc29uOjk4DKIBCW5zX3NhbXBsZQ"},
    {"key.name": "lesson:99", "data": "{\"progress\": {\"de\": 0}, \"is_i18n\": false}", "key.id": null, "key": "ahhzfnNjaHdlaXplcmRldXRzY2hvbmxpbmVyIQsSEkkxOG5Qcm9ncmVzc0VudGl0eSIJbGVzc29uOjk5DKIBCW5zX3NhbXBsZQ"},
    {"key.name": "unit:14", "data": "{\"progress\": {\"de\": 2}, \"is_i18n\": false}", "key.id": null, "key": "ahhzfnNjaHdlaXplcmRldXRzY2hvbmxpbmVyHwsSEkkxOG5Qcm9ncmVzc0VudGl0eSIHdW5pdDoxNAyiAQluc19zYW1wbGU"},
    {"key.name": "unit:2", "data": "{\"progress\": {\"de\": 2}, \"is_i18n\": false}", "key.id": null, "key": "ahhzfnNjaHdlaXplcmRldXRzY2hvbmxpbmVyHgsSEkkxOG5Qcm9ncmVzc0VudGl0eSIGdW5pdDoyDKIBCW5zX3NhbXBsZQ"},
    {"key.name": "unit:25", "data": "{\"progress\": {\"de\": 2}, \"is_i18n\": false}", "key.id": null, "key": "ahhzfnNjaHdlaXplcmRldXRzY2hvbmxpbmVyHwsSEkkxOG5Qcm9ncmVzc0VudGl0eSIHdW5pdDoyNQyiAQluc19zYW1wbGU"},
    {"key.name": "unit:68", "data": "{\"progress\": {\"de\": 2}, \"is_i18n\": false}", "key.id": null, "key": "ahhzfnNjaHdlaXplcmRldXRzY2hvbmxpbmVyHwsSEkkxOG5Qcm9ncmVzc0VudGl0eSIHdW5pdDo2OAyiAQluc19zYW1wbGU"},
    {"key.name": "unit:69", "data": "{\"progress\": {\"de\": 2}, \"is_i18n\": false}", "key.id": null, "key": "ahhzfnNjaHdlaXplcmRldXRzY2hvbmxpbmVyHwsSEkkxOG5Qcm9ncmVzc0VudGl0eSIHdW5pdDo2OQyiAQluc19zYW1wbGU"},
    {"key.name": "unit:70", "data": "{\"progress\": {\"de\": 2}, \"is_i18n\": false}", "key.id": null, "key": "ahhzfnNjaHdlaXplcmRldXRzY2hvbmxpbmVyHwsSEkkxOG5Qcm9ncmVzc0VudGl0eSIHdW5pdDo3MAyiAQluc19zYW1wbGU"},
    {"key.name": "unit:71", "data": "{\"progress\": {\"de\": 2}, \"is_i18n\": false}", "key.id": null, "key": "ahhzfnNjaHdlaXplcmRldXRzY2hvbmxpbmVyHwsSEkkxOG5Qcm9ncmVzc0VudGl0eSIHdW5pdDo3MQyiAQluc19zYW1wbGU"},
    {"key.name": "unit:72", "data": "{\"progress\": {\"de\": 2}, \"is_i18n\": false}", "key.id": null, "key": "ahhzfnNjaHdlaXplcmRldXRzY2hvbmxpbmVyHwsSEkkxOG5Qcm9ncmVzc0VudGl0eSIHdW5pdDo3MgyiAQluc19zYW1wbGU"},
    {"key.name": "unit:73", "data": "{\"progress\": {\"de\": 2}, \"is_i18n\": false}", "key.id": null, "key": "ahhzfnNjaHdlaXplcmRldXRzY2hvbmxpbmVyHwsSEkkxOG5Qcm9ncmVzc0VudGl0eSIHdW5pdDo3MwyiAQluc19zYW1wbGU"},
    {"key.name": "unit:74", "data": "{\"progress\": {\"de\": 2}, \"is_i18n\": false}", "key.id": null, "key": "ahhzfnNjaHdlaXplcmRldXRzY2hvbmxpbmVyHwsSEkkxOG5Qcm9ncmVzc0VudGl0eSIHdW5pdDo3NAyiAQluc19zYW1wbGU"},
    {"key.name": "unit:96", "data": "{\"progress\": {\"de\": 0}}", "key.id": null, "key": "ahhzfnNjaHdlaXplcmRldXRzY2hvbmxpbmVyHwsSEkkxOG5Qcm9ncmVzc0VudGl0eSIHdW5pdDo5NgyiAQluc19zYW1wbGU"}
]}
