{"rows": [
    {"key.name": "None", "data": "{\"version\": \"1.0\", \"type\": 2, \"description\": \"[de] locale\", \"title\": \"de\"}", "key.id": 5648554290839552, "key": "ahhzfnNjaHdlaXplcmRldXRzY2hvbmxpbmVyGAsSC0xhYmVsRW50aXR5GICAgMDIqoQKDKIBCW5zX3NhbXBsZQ"},
    {"key.name": "None", "data": "{\"version\": \"1.0\", \"type\": 2, \"description\": \"[en_US] locale\", \"title\": \"en_US\"}", "key.id": 5725107787923456, "key": "ahhzfnNjaHdlaXplcmRldXRzY2hvbmxpbmVyGAsSC0xhYmVsRW50aXR5GICAgMDI3pUKDKIBCW5zX3NhbXBsZQ"}
]}
