{"rows": [
    {"key.name": "None", "data": "{\"description\": \"Imported from assessment \\\"Sample peer review assignment\\\" (review question #1)\", \"multiple_selections\": false, \"question\": \"Did the student answer all parts of the question?\", \"choices\": [{\"text\": \"Yes\", \"score\": 0.0}, {\"text\": \"No\", \"score\": 0.0}], \"version\": \"1.5\", \"last_modified\": 1415191901.0078499, \"type\": 0}", "key.id": 4715143409696768, "key": "ahhzfnNjaHdlaXplcmRldXRzY2hvbmxpbmVyGwsSDlF1ZXN0aW9uRW50aXR5GICAgIDejLAIDKIBCW5zX3NhbXBsZQ"},
    {"key.name": "None", "data": "{\"description\": \"Imported from assessment \\\"Post-course assessment\\\" (question #6)\", \"graders\": [{\"matcher\": \"numeric\", \"score\": 1.0, \"response\": 7.9000000000000004}], \"question\": \"This is an example of a numeric freetext question. What is 3.2 + 4.7?\", \"version\": \"1.5\", \"last_modified\": 1415191901.6984, \"type\": 1}", "key.id": 4722539880251392, "key": "ahhzfnNjaHdlaXplcmRldXRzY2hvbmxpbmVyGwsSDlF1ZXN0aW9uRW50aXR5GICAgICA5LEIDKIBCW5zX3NhbXBsZQ"},
    {"key.name": "None", "data": "{\"description\": \"Imported from assessment \\\"Pre-course assessment\\\" (question #4)\", \"graders\": [{\"matcher\": \"regex\", \"score\": 1.0, \"response\": \"/354\\\\s*[+]\\\\s*651/\"}], \"question\": \"What would you type into the search box to get a top result that looks like this? If you do not know, enter \\\"I don't know\\\".<p><p><img src=\\\"assets/img/Image0.9.png\\\" alt=\\\"search results for test question\\\" height=100 width=300 title=\\\"search results for test question\\\">\", \"version\": \"1.5\", \"last_modified\": 1415191888.89926, \"type\": 1}", "key.id": 4785074604081152, "key": "ahhzfnNjaHdlaXplcmRldXRzY2hvbmxpbmVyGwsSDlF1ZXN0aW9uRW50aXR5GICAgICAgMAIDKIBCW5zX3NhbXBsZQ"},
    {"key.name": "None", "data": "{\"description\": \"Imported from assessment \\\"Mid-course assessment\\\" (question #3)\", \"graders\": [{\"matcher\": \"case_insensitive\", \"score\": 1.0, \"response\": \"-kennel\"}], \"question\": \"You are considering a Golden Retriever and want to find out its drawbacks. You do a search for [golden retriever breed cons], and get a lot of results. After a while, reading the pages from different kennel clubs becomes a bit redundant and you would like to get rid of those results and just see pages by other types of authors. What do you add to the query [golden retriever breed cons] to exclude those results with the word kennel in them?\", \"version\": \"1.5\", \"last_modified\": 1415191896.09554, \"type\": 1}", "key.id": 4787561121710080, "key": "ahhzfnNjaHdlaXplcmRldXRzY2hvbmxpbmVyGwsSDlF1ZXN0aW9uRW50aXR5GICAgICvyMAIDKIBCW5zX3NhbXBsZQ"},
    {"key.name": "None", "data": "{\"description\": \"Imported from unit \\\"Find facts faster\\\", lesson \\\"Left hand panel and Date range limiting\\\" (question #2)\", \"multiple_selections\": false, \"question\": \"<p><b>2.</b> Which of these books was published on the Krakatoa volcano during the 1880s?</p>\", \"choices\": [{\"text\": \"How Volcanoes Work - Krakatau, Indonesia\", \"score\": 0.0, \"feedback\": \"Try again. Did you search for [krakatoa volcano], then filter by Books and time?\"}, {\"text\": \"Krakatoa: The Day The World Exploded: August 27, 1883\", \"score\": 0.0, \"feedback\": \"Try again. Did you search for [krakatoa volcano], then filter by Books and time?\"}, {\"text\": \"The Eruption of Krakatoa: And Subsequent Phenomena\", \"score\": 1.0, \"feedback\": \"Correct! Books has a time filter in the left panel that allows you to narrow your results to only works published in 1883. Among those results this report from the Royal Society of Great Britain.\"}, {\"text\": \"Surviving Yellowstone\\u2019s Super Volcano\", \"score\": 0.0, \"feedback\": \"Try again. Did you search for [krakatoa volcano], then filter by Books and time?\"}], \"version\": \"1.5\", \"last_modified\": 1415191897.81408, \"type\": 0}", "key.id": 4790047639339008, "key": "ahhzfnNjaHdlaXplcmRldXRzY2hvbmxpbmVyGwsSDlF1ZXN0aW9uRW50aXR5GICAgIDekMEIDKIBCW5zX3NhbXBsZQ"},
    {"key.name": "None", "data": "{\"defaultFeedback\": \"Try again. Did you type evolution in the left search panel in Google Books?\", \"description\": \"Imported from unit \\\"Checking your facts\\\", lesson \\\"Using Books to verify a quote\\\" (question #1)\", \"hint\": \"Using Google Books' special 'find' box in the left panel, typing in evolution and clicking on the 'Go' button, you can see evolution appears on page 4.\", \"graders\": [{\"matcher\": \"regex\", \"score\": 1.0, \"response\": \"/4|four/i\", \"feedback\": \"Correct! Using Google Books' special 'find' box in the left panel, typing in evolution and clicking on the 'Go' button, you can see there is only one place the word evolution apprears in the text of the book.\"}], \"question\": \"<table border=\\\"2\\\"><tr><td><b>Search Tips:</b><p><ul><li>Search appropriate sources that offer authoritative information for the type of information you are trying to find.</ul></tr></td></table><p>Charles Darwin\\u2019s book, On the Origin of Species, introduced the idea of evolution. Open a new tab and go to the <a href=\\\"http://books.google.com/books?id=d9biAAAAMAAJ&dq=origin%20of%20species&pg=PA4#v=onepage&q&f=false\\\" target=\\\"_blank\\\">full-text version of the book</a>.</p><p><b>1.</b> On what page does the word evolution appear?</p>\", \"version\": \"1.5\", \"last_modified\": 1415191899.2051599, \"type\": 1}", "key.id": 4799981630259200, "key": "ahhzfnNjaHdlaXplcmRldXRzY2hvbmxpbmVyGwsSDlF1ZXN0aW9uRW50aXR5GICAgIDtscMIDKIBCW5zX3NhbXBsZQ"},
    {"key.name": "None", "data": "{\"description\": \"Imported from unit \\\"Introduction\\\", lesson \\\"How search works\\\" (question #1, part #3)\", \"multiple_selections\": false, \"question\": \"Pages where the words you typed in appear in the title or web address get listed higher.\", \"choices\": [{\"text\": \"True\", \"score\": 1.0}, {\"text\": \"False\", \"score\": 0.0}], \"version\": \"1.5\", \"last_modified\": 1415191890.1572101, \"type\": 0}", "key.id": 4814888656437248, "key": "ahhzfnNjaHdlaXplcmRldXRzY2hvbmxpbmVyGwsSDlF1ZXN0aW9uRW50aXR5GICAgIDa48YIDKIBCW5zX3NhbXBsZQ"},
    {"key.name": "None", "data": "{\"description\": \"Imported from unit \\\"Checking your facts\\\", lesson \\\"Using Books to verify a quote\\\" (question #2)\", \"multiple_selections\": false, \"question\": \"<p><b>2.</b> Did Darwin, himself, use the word evolution in this book?</p>\", \"choices\": [{\"text\": \"Yes\", \"score\": 0.0, \"feedback\": \"Try again. Where in the book does this word appear?\"}, {\"text\": \"No\", \"score\": 1.0, \"feedback\": \"Correct! The word evolution appears in the editor\\u2019s note, which was not written by Charles Darwin.\"}], \"version\": \"1.5\", \"last_modified\": 1415191899.4050601, \"type\": 0}", "key.id": 4819823842295808, "key": "ahhzfnNjaHdlaXplcmRldXRzY2hvbmxpbmVyGwsSDlF1ZXN0aW9uRW50aXR5GICAgICr88cIDKIBCW5zX3NhbXBsZQ"},
    {"key.name": "None", "data": "{\"description\": \"Imported from unit \\\"Putting it all together\\\", lesson \\\"Combining methods\\\" (question #1)\", \"multiple_selections\": false, \"question\": \"<table border=\\\"2\\\"><tr><td><b>Search Tips:</b><p><ul><li>Combine operators for stronger searches.<li>Operators can be placed anywhere in the query without affecting the results. For example: [black cats site:com] is equivalent to [site:com black cats].</ul></tr></td></table><p><b>1.</b> Which of these searches shows an <b>effective</b> use of multiple operators?</p>\", \"choices\": [{\"text\": \"[household spending site:org -site:edu]\", \"score\": 0.0, \"feedback\": \"Please try again. You will only see results in .org domains, so you do not also have to eliminate .edu sites.\"}, {\"text\": \"[site:edu site:org household spending]\", \"score\": 0.0, \"feedback\": \"Please try again. By searching for [site:edu site:org] you are telling Google to limit results to only .edu sites, and also to limit results to only .org sites. Sites can only be in one or the other. If you wanted to find sites in either .edu or .org domains, you could write this query as [site:edu OR site:org].\"}, {\"text\": \"[site:census.gov filetype:pdf household spending]\", \"score\": 1.0, \"feedback\": \"Correct! You can combine site: and filetype: for very targeted results when necessary.\"}, {\"text\": \"[household spending site:edu OR org]\", \"score\": 0.0, \"feedback\": \"Please try again. When you use an operator, you cannot combine different terms using OR. The query [site:edu OR org] is not the same as [site:edu OR site:org].\"}], \"version\": \"1.5\", \"last_modified\": 1415191900.01107, \"type\": 0}", "key.id": 4838192612114432, "key": "ahhzfnNjaHdlaXplcmRldXRzY2hvbmxpbmVyGwsSDlF1ZXN0aW9uRW50aXR5GICAgID4icwIDKIBCW5zX3NhbXBsZQ"},
    {"key.name": "None", "data": "{\"description\": \"Imported from unit \\\"Find facts faster\\\", lesson \\\"Translation and search\\\" (question #1)\", \"multiple_selections\": false, \"question\": \"<table border=\\\"2\\\"><tr><td><b>Search Tips:</b><p><ul><li>Translate words, sentences, and pages by using translate.google.com.<li>Search in foreign languages using English by clicking \\\"More search tools\\\" on the left panel of your results page, then select \\\"Translated foreign pages\\\". This feature chooses the best language in which to search and delivers results translated back into English.</ul></tr></td></table><p><b>1.</b> Please find the answer this question: Apa warna pada bendera Indonesia?</p>\", \"choices\": [{\"text\": \"Red, white, and blue\", \"score\": 0.0, \"feedback\": \"Try again. How can you find out what this question means in English? Did you go to translate.google.com? Hint: this question is in Indonesian.\"}, {\"text\": \"Yellow and green\", \"score\": 0.0, \"feedback\": \"Try again. How can you find out what this question means in English? Did you go to translate.google.com? Hint: this question is in Indonesian.\"}, {\"text\": \"Red and green\", \"score\": 0.0, \"feedback\": \"Try again. How can you find out what this question means in English? Did you go to translate.google.com? Hint: this question is in Indonesian.\"}, {\"text\": \"Red and white\", \"score\": 1.0, \"feedback\": \"Correct! The Indonesian flag is red and white. This question was complex: \\\\n1) Search for [google translate]. \\\\n2) Paste this question into the Translate box, to learn that it means: What color is the flag of Indonesia? \\\\n3) Search Google for [flag indonesia]. \\\\n4) See an image of the flag and learn that it is red and white.\"}], \"version\": \"1.5\", \"last_modified\": 1415191898.09461, \"type\": 0}", "key.id": 4855880898052096, "key": "ahhzfnNjaHdlaXplcmRldXRzY2hvbmxpbmVyGwsSDlF1ZXN0aW9uRW50aXR5GICAgIDejNAIDKIBCW5zX3NhbXBsZQ"},
    {"key.name": "None", "data": "{\"description\": \"Imported from assessment \\\"Post-course assessment\\\" (question #2)\", \"multiple_selections\": false, \"question\": \"Your friends know that you are interested in taking this trip to the 2016 Olympics, and one sends you the following post: \\\"Hey! Know you are planning your trip to the Olympics. Thought you might like to see this.\\\" He did not identify the picture in any way, and he is not available right now for you to ask him.<p><img src=\\\"http://www.loc.gov/rr/main/images/tugwar.jpg\\\"></p><p>What is the title of the work in which this picture was published?</p>\", \"choices\": [{\"text\": \"The Olympic Games Being a Short History of the Olympic Movement From 1896 up to the Present Day, by Theodore Andrea Cook\", \"score\": 0.0}, {\"text\": \"The Olympic Games: Daily Official Program, by the Amateur Athletic Union of the United States\", \"score\": 0.0}, {\"text\": \"The Olympic games at Athens, 1906, by James Edward Sullivan\", \"score\": 0.0}, {\"text\": \"The Olympic Games 1904, by Charles Lucas\", \"score\": 1.0}, {\"text\": \"I don't know\", \"score\": 0.0}], \"version\": \"1.5\", \"last_modified\": 1415191901.69839, \"type\": 0}", "key.id": 4863277368606720, "key": "ahhzfnNjaHdlaXplcmRldXRzY2hvbmxpbmVyGwsSDlF1ZXN0aW9uRW50aXR5GICAgICA5NEIDKIBCW5zX3NhbXBsZQ"},
    {"key.name": "None", "data": "{\"defaultFeedback\": \"Try again. Look at the passage provided, and think about words or numbers that are very specific to the idea being communicated here. Try pulling those out to build a query.\", \"description\": \"Imported from unit \\\"Checking your facts\\\", lesson \\\"Variant data\\\" (question #3)\", \"hint\": \"Our search expert says: The report is called 'The Price of Poverty in Big Time College Sport'. You are trying to locate the source from which the information in the article came. To do so, you want to take very specific, identifiable pieces from the article and look for other pages that match. For example, a query such as [study basketball player $265,000], [college football player $120,000], or even [college player $265,000 $120,000] will uniquely identify the source you want to find.\", \"graders\": [{\"matcher\": \"regex\", \"score\": 1.0, \"response\": \"/The Price of Poverty in Big Time College Sport?/i\", \"feedback\": \"Correct! From the passage provided, you can pull very specific search terms, such as [study basketball player $265,000], that will uniquely identify the source you want to find.\"}], \"question\": \"<p><b>3.</b> You read an article that says:\\n<p><font style=\\\"font-style:italic;\\\">\\nA recent study argued that college students should be paid for playing sports. It calculated that a typical basketball player is worth over $265,000 to his or her alma mater, while a college football player has a value of over $120,000. \\n<\\\\/font><p>\\nOpen a new tab so you can search. What is the title of the original study on which this article is based?</p>\", \"version\": \"1.5\", \"last_modified\": 1415191898.91258, \"type\": 1}", "key.id": 4871574171680768, "key": "ahhzfnNjaHdlaXplcmRldXRzY2hvbmxpbmVyGwsSDlF1ZXN0aW9uRW50aXR5GICAgIC81dMIDKIBCW5zX3NhbXBsZQ"},
    {"key.name": "None", "data": "{\"description\": \"Imported from unit \\\"Find facts faster\\\", lesson \\\"Left hand panel and Date range limiting\\\" (question #1)\", \"multiple_selections\": false, \"question\": \"<table border=\\\"2\\\"><tr><td><b>Search Tips:</b><p><ul><li>Limit results to sources published during a specific time period by clicking on Search Tools in the left panel, then selecting the appropriate time range.<li>Time filters are available in Web Search, Books, Images, News, Videos, Blogs, Discussions, and Patents.<li>This feature is not available on tablet browsers. </li></tr></td></table><p>Try this activity to test your ability to restrict time of document publication.</p><p>In 1883, a volcano on the island of Krakatoa in Indonesia erupted. The dust from this massive volcano affected weather as far away as the United States. The volcano has recently become active again. Using the query [krakatoa volcano] and the time filter, identify the following pieces of information.</p><p><b>1.</b> Which of these newspaper articles was published in 1883? Remember to search for [krakatoa volcano] and use time filtering.</p>\", \"choices\": [{\"text\": \"Volcano Mystery Solved\", \"score\": 0.0, \"feedback\": \"Try again. When you filter by time to only see articles in News from 1883, which of these headlines do you find?\"}, {\"text\": \"Venus has Volcanic Character\", \"score\": 0.0, \"feedback\": \"Try again. When you filter by time to only see articles in News from 1883, which of these headlines do you find?\"}, {\"text\": \"The Volcano Heard Around the World\", \"score\": 0.0, \"feedback\": \"Try again. When you filter by time to only see articles in News from 1883, which of these headlines do you find?\"}, {\"text\": \"Java's Canopy of Fire: A Volcano\\u2019s First Effort\", \"score\": 1.0, \"feedback\": \"Correct! Searching in News for [krakatoa volcano] allows you access to the custom time filter, where you can limit yourself to searching within newspaper articles from 1883.\"}], \"version\": \"1.5\", \"last_modified\": 1415191897.6797299, \"type\": 0}", "key.id": 4878221707313152, "key": "ahhzfnNjaHdlaXplcmRldXRzY2hvbmxpbmVyGwsSDlF1ZXN0aW9uRW50aXR5GICAgID4ltUIDKIBCW5zX3NhbXBsZQ"},
    {"key.name": "None", "data": "{\"description\": \"Imported from unit \\\"Checking your facts\\\", lesson \\\"Using WHOIS and looking for other site information\\\" (question #1)\", \"multiple_selections\": false, \"question\": \"<table border=\\\"2\\\"><tr><td><b>Search Tips:</b><p><ul><li>Use a query containing WHOIS to identify the owner of a particular website.<li> If you see a second company listed as a contact on the WHOIS page, then a relationship exists between the two companies. You can then do another search to determine that relationship.<li>Example: [whois] finds WHOIS registries you can use. Find the search box for the registry, and enter [zagat.com]. See that Google is the registrant. Search for [google zagat], which leads to the information that Google acquired Zagat.<li>The US Chamber of Commerce operates the WHOIS search available at http://www.internic.net/whois.html; alternative WHOIS registries also exist.<li> If you don\\u2019t know a company's website, you can search for the company\\u2019s name in Google and locate the web address.</tr></td></table><p>WHOIS lookups are not something we anticipate you\\u2019ll use often, but they can be helpful.<p>Different WHOIS directories post different information, and they can be challenging to read, so use this question to practice.<p>Open a new window and use the Web to answer this question. For this exercise, go to <a href=\\\"http://www.internic.net/whois.html\\\" target=\\\"_blank\\\">http://www.internic.net/whois.html</a> or a different directory of your choice.</p><p><b>1.</b> What do you see listed as the name server (sometimes called the domain server) for Splenda.com?</p>\", \"choices\": [{\"text\": \"bnb.com\", \"score\": 0.0, \"feedback\": \"Try again. You are looking for the name server or the domain server for splenda.com.\"}, {\"text\": \"jnj.com\", \"score\": 1.0, \"feedback\": \"Correct! jnj.com is listed as the name server for splenda.com, which means that jnj.com owns splenda.com.\"}, {\"text\": \"whois.networksolutions.com\", \"score\": 0.0, \"feedback\": \"Try again. You found the domain registry for Splenda.com, but you are looking for the name server.\"}, {\"text\": \"splenda.com\", \"score\": 0.0, \"feedback\": \"Try again. You are looking for the name server or the domain server for splenda.com.\"}], \"version\": \"1.5\", \"last_modified\": 1415191899.6861601, \"type\": 0}", "key.id": 4885657101008896, "key": "ahhzfnNjaHdlaXplcmRldXRzY2hvbmxpbmVyGwsSDlF1ZXN0aW9uRW50aXR5GICAgICr79YIDKIBCW5zX3NhbXBsZQ"},
    {"key.name": "None", "data": "{\"description\": \"Imported from assessment \\\"Pre-course assessment\\\" (question #3)\", \"graders\": [{\"matcher\": \"case_insensitive\", \"score\": 1.0, \"response\": \"sunrise\"}], \"question\": \"What would you type into the search box to get a top result that looks like this? If you do not know, enter \\\"I don't know\\\".<p><img src=\\\"assets/img/Image0.8.png\\\" alt=\\\"search results for test question\\\" height=100 width=600 title=\\\"search results for test question\\\">\", \"version\": \"1.5\", \"last_modified\": 1415191888.89926, \"type\": 1}", "key.id": 5066549580791808, "key": "ahhzfnNjaHdlaXplcmRldXRzY2hvbmxpbmVyGwsSDlF1ZXN0aW9uRW50aXR5GICAgICAgIAJDKIBCW5zX3NhbXBsZQ"},
    {"key.name": "None", "data": "{\"description\": \"Imported from assessment \\\"Mid-course assessment\\\" (question #4)\", \"graders\": [{\"matcher\": \"regex\", \"score\": 1.0, \"response\": \"/define(:| )brindle/i\"}], \"question\": \"You are talking to someone who has a dachshund that needs a home, and he describes it as being brindle. You wonder what that means. Which is the most efficient search to type into Google to help you find out?\", \"version\": \"1.5\", \"last_modified\": 1415191896.09554, \"type\": 1}", "key.id": 5069036098420736, "key": "ahhzfnNjaHdlaXplcmRldXRzY2hvbmxpbmVyGwsSDlF1ZXN0aW9uRW50aXR5GICAgICvyIAJDKIBCW5zX3NhbXBsZQ"},
    {"key.name": "None", "data": "{\"description\": \"Imported from unit \\\"Interpreting results\\\", lesson \\\"Reading the Search Engine Results Page (SERP)\\\" (question #1)\", \"multiple_selections\": false, \"question\": \"<table border=\\\"2\\\"><tr><td><b>Search Tips:</b><p><ul><li>Hovering over the page preview tool (>> icon to the right of search results) allows you to preview results pages.</li><li>There are three main parts of a search engine result: the page title (in blue), the web address (in green), and the snippet/abstract (in black). The snippet contains the text from the page that appears around the terms you search for.</li><li>Links within the search engine results go directly to subpages of the site.</li><li>Use the site: operator to restrict results to a domain, website, or directory.</li></ul></tr></td></table><form name=\\\"quiz\\\"><b>1.</b> Click on the following in the result block below: <ol style=\\\"list-style-type:lower-alpha\\\"><li>web address</li><li>web page title</li><li>snippet</li></ol><img src=\\\"assets/img/Image2.3.1.png\\\" width=\\\"785\\\" height=\\\"131\\\" usemap=\\\"#Image2.3\\\" border=\\\"0\\\"></map name=\\\"Image2.3\\\">\\n<area shape=\\\"rect\\\" coords=\\\"15,14,733,41\\\" onClick=\\\"check24(1)\\\" ><area shape=\\\"rect\\\" coords=\\\"15,44,716,64\\\" onClick=\\\"check24(2)\\\"><area shape=\\\"rect\\\" coords=\\\"14,67,776,112\\\" onClick=\\\"check24(3)\\\" ><\\\\/map><p><p><textarea style=\\\"width: 600px; height: 30px;\\\" readonly=\\\"true\\\" name=\\\"output\\\"></textarea></form><p><b>2.</b> Do you think the page associated with the result above would contain the sentence \\\"Quality standards for pharmaceuticals have historically been an area of focus for USP\\\"?</p>\", \"choices\": [{\"text\": \"Yes\", \"score\": 0.0, \"feedback\": \"Incorrect. Note that the ellipsis (...) indicate that you are seeing phrases from two different parts of the webpage. The information in between may change the meaning of what you see in the snippet.\"}, {\"text\": \"No\", \"score\": 1.0, \"feedback\": \"Correct! Note that the ellipsis (...) indicate that you are seeing phrases from two different parts of the webpage. The information in between may change the meaning of what you see in the snippet.\"}], \"version\": \"1.5\", \"last_modified\": 1415191893.39836, \"type\": 0}", "key.id": 5071522616049664, "key": "ahhzfnNjaHdlaXplcmRldXRzY2hvbmxpbmVyGwsSDlF1ZXN0aW9uRW50aXR5GICAgIDekIEJDKIBCW5zX3NhbXBsZQ"},
    {"key.name": "None", "data": "{\"defaultFeedback\": \"Try this question again. Think about which operator you can use to specify when you want a particular kind of file, like a pdf, xls, or ppt. And watch where you put spaces!\", \"description\": \"Imported from unit \\\"Advanced techniques\\\", lesson \\\"Filetype\\\" (question #2)\", \"hint\": \"Our search expert says: I would use [kabuki filetype:pdf]. You can use the filetype: operator to specify when you want a particular kind of file, like a pdf, xls, or ppt.\", \"graders\": [{\"matcher\": \"regex\", \"score\": 1.0, \"response\": \"/filetype:pdf?/i\", \"feedback\": \"Correct! You can use the filetype: operator to specify when you want a particular kind of file, like a pdf, xls, or ppt.\"}], \"question\": \"<p><b>2.</b> Your boss is going to Japan, where he will be taken to see a Kabuki play. He asks you for a bit of background on Kabuki. You know that he prefers to read on paper. What would your search look like to find a PDF to print for him?</p>\", \"version\": \"1.5\", \"last_modified\": 1415191894.27896, \"type\": 1}", "key.id": 5081456606969856, "key": "ahhzfnNjaHdlaXplcmRldXRzY2hvbmxpbmVyGwsSDlF1ZXN0aW9uRW50aXR5GICAgIDtsYMJDKIBCW5zX3NhbXBsZQ"},
    {"key.name": "None", "data": "{\"description\": \"Imported from unit \\\"Introduction\\\", lesson \\\"Finding text on a web page\\\" (question #1, part #1)\", \"multiple_selections\": false, \"question\": \"<b>1.</b> In the United States, the state of California is known for its earthquakes. Have there been earthquakes in Iowa?\", \"choices\": [{\"text\": \"Yes\", \"score\": 1.0}, {\"text\": \"No\", \"score\": 0.0}], \"version\": \"1.5\", \"last_modified\": 1415191891.70187, \"type\": 0}", "key.id": 5091364022779904, "key": "ahhzfnNjaHdlaXplcmRldXRzY2hvbmxpbmVyGwsSDlF1ZXN0aW9uRW50aXR5GICAgICZ0oUJDKIBCW5zX3NhbXBsZQ"},
    {"key.name": "None", "data": "{\"description\": \"Imported from unit \\\"Introduction\\\", lesson \\\"How search works\\\" (question #1, part #1)\", \"multiple_selections\": false, \"question\": \"Pages that have the words you type in, or synonyms for those words, are listed higher.\", \"choices\": [{\"text\": \"True\", \"score\": 1.0}, {\"text\": \"False\", \"score\": 0.0}], \"version\": \"1.5\", \"last_modified\": 1415191890.1572001, \"type\": 0}", "key.id": 5096363633147904, "key": "ahhzfnNjaHdlaXplcmRldXRzY2hvbmxpbmVyGwsSDlF1ZXN0aW9uRW50aXR5GICAgIDa44YJDKIBCW5zX3NhbXBsZQ"},
    {"key.name": "None", "data": "{\"description\": \"Imported from unit \\\"Advanced techniques\\\", lesson \\\"Removing invasive results\\\" (question #1)\", \"multiple_selections\": false, \"question\": \"<table border=\\\"2\\\"><tr><td> <b>Search Tips:</b><p> <ul><li>Use the minus sign (-) to eliminate irrelevant results.<li>There must be a space before the minus sign.<li>There must not be a space between the minus sign and the word you want to eliminate.<li>A plus sign (+) does not mean \\u201cand\\u201d nor does it force inclusion of a word. Google can search for certain plus signs after a word (for example, C++ or Google+). A plus sign before a search term, used as an operator, looks for a Google+ Page by that name.</ul> </tr></td></table><p><b>1.</b> You are helping a neighbor\\u2019s child find information on penguins. Since it is hockey season, when you simply search for [penguins] you get many pages on the Pittsburgh Penguins mixed in with results about the bird. Which of these is a way you can narrow your results to focus on the animal?</p>\", \"choices\": [{\"text\": \"[penguins NOT pittsburgh]\", \"score\": 0.0, \"feedback\": \"Please try again. Remember that Google uses a minus sign (-) to eliminate results. You can go to Google.com and try the search [penguins NOT pittsburgh] and look carefully at your results. You will notice that the word \\\"not\\\" appears throughout your results in boldface. When a word appears in boldface in search results, it means that Google has used it as a search term rather than an operator.\"}, {\"text\": \"[penguins -pittsburgh]\", \"score\": 1.0, \"feedback\": \"Correct! When you search for -pittsburgh, without any spaces, you will easily eliminate pages with the word Pittsburgh on them.\"}, {\"text\": \"[penguins without pittsburgh]\", \"score\": 0.0, \"feedback\": \"Please try again. Remember that Google uses a minus sign (-) to eliminate results. You can go to Google.com and try the search [penguins without pittsburgh] and look carefully at your results. You will notice that the word \\\"without\\\" appears throughout your results in boldface. When a word appears in boldface in search results, it means that Google has used it as a search term rather than an operator. You may also notice the term \\\"not\\\", because Google identifies the word \\\"not\\\" as a synonym for \\\"without\\\" in this instance.\"}, {\"text\": \"[penguins - pittsburgh]\", \"score\": 0.0, \"feedback\": \"Please try again. Remember that Google understands the minus sign operator when there is no space between the minus sign and the word you want to eliminate, such as -chicago.\"}], \"version\": \"1.5\", \"last_modified\": 1415191894.4935701, \"type\": 0}", "key.id": 5101298819006464, "key": "ahhzfnNjaHdlaXplcmRldXRzY2hvbmxpbmVyGwsSDlF1ZXN0aW9uRW50aXR5GICAgICr84cJDKIBCW5zX3NhbXBsZQ"},
    {"key.name": "None", "data": "{\"description\": \"Imported from unit \\\"Advanced techniques\\\", lesson \\\"OR and quotes\\\" (question #1)\", \"multiple_selections\": false, \"question\": \"<table border=\\\"2\\\"><tr><td> <b>Search Tips:</b><p> <ul><li>Use quotes to search for a phrase.</li><li>Quotes glue words together; there can be additional words before or after the phrase, but the phrase will always stay together in the results.</li><li>Use OR to include more than one way of expressing an idea.</li><li>If an idea on one side of the OR is more than one word, it needs quotes around it (for example [handkerchief OR \\\"facial tissue\\\"])</li></ul> </tr></td></table><p><b>1.</b> Your friend has been complaining about her ex a lot; he is still hanging around even though they broke up. This reminded you of a line from a poem: Like black tape he is stuck to me. You search for it and see the results below. <p><img src=\\\"assets/img/Image3.4.2.png\\\"><br><br>How could you modify the query to find the poem?</p>\", \"choices\": [{\"text\": \"[\\u201clike black tape he is stuck to me\\u201d]\", \"score\": 1.0, \"feedback\": \"Correct! Putting quotes around a set of words keeps them together in a phrase.\"}, {\"text\": \"[like black tape he is stuck to me poem]\", \"score\": 0.0, \"feedback\": \"Please try again. Use an operator to signal to Google that the words in the query need to stay together as a phrase. Adding an extra word will not help.\"}, {\"text\": \"[/like black tape he is stuck to me/]\", \"score\": 0.0, \"feedback\": \"Please try again. Use an operator to signal to Google that the words in the query need to stay together as a phrase.\"}, {\"text\": \"[(like black tape he is stuck to me)]\", \"score\": 0.0, \"feedback\": \"Please try again. Use an operator to signal to Google that the words in the query need to stay together as a phrase. Google ignores parentheses.\"}], \"version\": \"1.5\", \"last_modified\": 1415191895.0081899, \"type\": 0}", "key.id": 5119667588825088, "key": "ahhzfnNjaHdlaXplcmRldXRzY2hvbmxpbmVyGwsSDlF1ZXN0aW9uRW50aXR5GICAgID4iYwJDKIBCW5zX3NhbXBsZQ"},
    {"key.name": "None", "data": "{\"description\": \"Imported from unit \\\"Advanced techniques\\\", lesson \\\"Web organization\\\" (question #1)\", \"multiple_selections\": false, \"question\": \"<table border=\\\"2\\\"><tr><td> <b>Search Tips:</b><p> <ul><li>Specific words, when used before a colon, act as commands to filter results. The coming lessons will teach you the most popular operators.<li>You can use the site: operator within images and news results.<li>You can use the site: operator with or without the period before the top-level domain extension, so [site:edu] is the same as [site:.edu].<li>When using the site: operator at the website level, you must use the period between the parts of the web address: [site:ucla.edu].<li>You can use operators at any point in a query. [Jefferson site:archives.gov] is the same as [site:archives.gov jefferson].</ul> </tr></td></table><p><b>1.</b> You want to find documents on US government websites about gamers, people who play video games. What query do you use?</p>\", \"choices\": [{\"text\": \"[gamers site: .gov]\", \"score\": 0.0, \"feedback\": \"Please try again. Remember that Google understands the operator site: only when there is no space between the colon and the site name, such as site:imdb.com.\"}, {\"text\": \"[gamers gov:site]\", \"score\": 0.0, \"feedback\": \"Please try again. Remember that Google understands the operator site: when it is followed by site you want, such as site:whitehouse.gov.\"}, {\"text\": \"[gamers site.gov]\", \"score\": 0.0, \"feedback\": \"Please try again. Remember that Google understands the operator site: when you include the colon. Otherwise, it just looks like a regular search term.\"}, {\"text\": \"[gamers site:.gov]\", \"score\": 1.0, \"feedback\": \"Correct! When you search for site:.gov, without any spaces, you will find pages of your specified type very quickly and easily.\"}], \"version\": \"1.5\", \"last_modified\": 1415191893.6214299, \"type\": 0}", "key.id": 5137355874762752, "key": "ahhzfnNjaHdlaXplcmRldXRzY2hvbmxpbmVyGwsSDlF1ZXN0aW9uRW50aXR5GICAgIDejJAJDKIBCW5zX3NhbXBsZQ"},
    {"key.name": "None", "data": "{\"defaultFeedback\": \"Consider what operator you can use between two words if you want Google to find one or the other of them. Also, remember that you need to tell Google to consider multi-word terms, like deadhead coverage as a single phrase.\", \"description\": \"Imported from unit \\\"Advanced techniques\\\", lesson \\\"OR and quotes\\\" (question #5)\", \"hint\": \"Our search expert says: I would use  [cost insurance \\\"non-trucking liability\\\" OR bobtail OR \\\"deadhead coverage\\\"].  You can use OR (all in capital letters) between two words to have Google find pages using one word OR the other. You can use quotes (\\\"  \\\") around two-word phrases to find one phrase OR the other.\", \"graders\": [{\"matcher\": \"regex\", \"score\": 1.0, \"response\": \"/cost insurance .+ \\\\O\\\\R .+ \\\\O\\\\R .+/\", \"feedback\": \"Correct! You can use OR (all in capital letters) between two words to have Google find pages using one word OR the other. You can use quotes (\\u201c  \\u201c) around two-word phrases to fine one phrase OR the other.\"}], \"question\": \"<p><b>5.</b> Truck owners are insured when they are on a job for a company, but need to carry their own insurance policy for when their truck is empty. You would like to get an idea of the cost of this type of insurance, which is sometimes called, non-trucking liability, bobtail, or deadhead coverage. What search would you use to get information on the cost of this insurance on pages that use any of these <b>three</b> terms? In other words, what search would you do to find pages using any of three synonyms?</p>\", \"version\": \"1.5\", \"last_modified\": 1415191895.6793399, \"type\": 1}", "key.id": 5144752345317376, "key": "ahhzfnNjaHdlaXplcmRldXRzY2hvbmxpbmVyGwsSDlF1ZXN0aW9uRW50aXR5GICAgICA5JEJDKIBCW5zX3NhbXBsZQ"},
    {"key.name": "None", "data": "{\"description\": \"Imported from unit \\\"Advanced techniques\\\", lesson \\\"Filetype\\\" (question #1)\", \"multiple_selections\": false, \"question\": \"<table border=\\\"2\\\"><tr><td> <b>Search Tips:</b><p> <ul><li>In the previous video, you learned about the filetype operator. Typing filetype, followed by a colon (:) and the appropriate extension, will return files of the extension you specify. <li>There should not be a space between filetype, the colon, and the extension: [filetype:txt]<li>You do not need to put a period before the extension; you can just use the three or four-letter code (swf, xlsx, jpg, gif, etc.).<li><a href=\\\"http://support.google.com/webmasters/bin/answer.py?hl=en&answer=35287\\\" target=\\\"_blank\\\">Here</a> is a list of file types Google indexes. </ul><p> </tr></td></table><p><b>1.</b> You want to find a sound file that will teach you Morse Code for \\\"I love you\\\". Your friend told you that Wikimedia has all these audio files of people saying things in different languages, in a format called .OGG. Which of the following queries can you use to most easily find the file you want?</p>\", \"choices\": [{\"text\": \"[i love you morse code ogg:filetype]\", \"score\": 0.0, \"feedback\": \"Please try again. Remember that Google understands the operator filetype: when it is FOLLOWED BY the kind of file you want, such as filetype:ppt. \"}, {\"text\": \"[i love you file morse code type:ogg]\", \"score\": 0.0, \"feedback\": \"Please try again. Remember that Google understands the operator filetype: when it is written as all one word.\"}, {\"text\": \"[i love you morse code filetype:ogg]\", \"score\": 1.0, \"feedback\": \"Correct! When you search for filetype:ogg, without any spaces, you will find pages of your specified type very quickly and easily.\"}, {\"text\": \"[i love you morse code filetype: ogg]\", \"score\": 0.0, \"feedback\": \"Please try again. Remember that Google understands the operator when you enter filetype:ogg with no space after the colon (:). When you put a space after the colon (as in filetype: ogg), Google returns pages with the words filetype and ogg.\"}, {\"text\": \"All of the above\", \"score\": 0.0, \"feedback\": \"Please try again. Only one of these works consistently to find a particular type of file. Look carefully and see which one is correct.\"}], \"version\": \"1.5\", \"last_modified\": 1415191894.1001401, \"type\": 0}", "key.id": 5153049148391424, "key": "ahhzfnNjaHdlaXplcmRldXRzY2hvbmxpbmVyGwsSDlF1ZXN0aW9uRW50aXR5GICAgIC81ZMJDKIBCW5zX3NhbXBsZQ"},
    {"key.name": "None", "data": "{\"defaultFeedback\": \"Some people find videos very helpful to see how to carry out tasks. Look at the diferent media offered in the left-hand column. Which one would help you find videos?\", \"description\": \"Imported from unit \\\"Interpreting results\\\", lesson \\\"Understand options for different media\\\" (question #2)\", \"hint\": \"You can use the Videos collection to search exclusively for videos on a topic without getting other kinds of results.\", \"graders\": [{\"matcher\": \"regex\", \"score\": 1.0, \"response\": \"/video?/i\", \"feedback\": \"Correct! Searching in Google Videos is a great way to look across YouTube and other sites with videos. If you look at the links on the left-hand side of the Google Videos Results page, you will see that you can specify how long the video should be.\"}], \"question\": \"<br><br><br><b>2.</b> You would like to try yarnbombing, but you need some advice about how to do it well. Unfortunately, when you try following instructions you read online, it never quite works right. You want to see someone doing it, and in some detail--at least a good five minutes of instructions. What media do you use?\", \"version\": \"1.5\", \"last_modified\": 1415191893.1859, \"type\": 1}", "key.id": 5159696684023808, "key": "ahhzfnNjaHdlaXplcmRldXRzY2hvbmxpbmVyGwsSDlF1ZXN0aW9uRW50aXR5GICAgID4lpUJDKIBCW5zX3NhbXBsZQ"},
    {"key.name": "None", "data": "{\"defaultFeedback\": \"Try this question again. How can you remove price information from your query?\", \"description\": \"Imported from unit \\\"Advanced techniques\\\", lesson \\\"Removing invasive results\\\" (question #2)\", \"hint\": \"Our search expert says: I would use [jane austen books -price]. When you search for -price, without any spaces, you will easily eliminate pages with the word price on them. In fact, the word buy also appears frequently on pages selling things, so you can make the search even more effective this way: [jane austen books -price -buy].\", \"graders\": [{\"matcher\": \"regex\", \"score\": 1.0, \"response\": \"/jane austen (book|books) \\\\-price/i\", \"feedback\": \"Correct! When you search for -price, without any spaces, you will easily eliminate pages with the word price on them. In fact, the word buy also appears frequently on pages selling things, so you can make the search even more effective this way: [jane austen books -price -buy].\"}], \"question\": \"<p><b>2.</b> You want pages that talk about Jane Austen books. When you search for [jane austen books] you get a lot of pages selling books by Jane Austen mixed into the results, but you don\\u2019t want to buy anything right now. Luckily, you notice that pages selling stuff almost always have the word price on them, so you decide to try rewriting the query so that it eliminates the word price from all your results. What would that query look like?</p>\", \"version\": \"1.5\", \"last_modified\": 1415191894.61307, \"type\": 1}", "key.id": 5167132077719552, "key": "ahhzfnNjaHdlaXplcmRldXRzY2hvbmxpbmVyGwsSDlF1ZXN0aW9uRW50aXR5GICAgICr75YJDKIBCW5zX3NhbXBsZQ"},
    {"key.name": "None", "data": "{\"description\": \"Imported from assessment \\\"Post-course assessment\\\" (question #3)\", \"multiple_selections\": false, \"question\": \"<font style=\\\"font-style:italic;\\\">The Encyclopedia of the Modern Olympic Movement</font>, by John E. Findling and Kimberly D. Pelle, reports that the author of this work was an olympic trainer. From where did he watch the competition for the athlete he coached?\", \"choices\": [{\"text\": \"He listened to it on the radio from his hospital bed.\", \"score\": 0.0}, {\"text\": \"He watched it from the back of the car leading the race.\", \"score\": 1.0}, {\"text\": \"He was stuck in a traffic jam and missed it completely.\", \"score\": 0.0}, {\"text\": \"He watched it from the stands with the winner's mother.\", \"score\": 0.0}, {\"text\": \"I don't know\", \"score\": 0.0}], \"version\": \"1.5\", \"last_modified\": 1415191901.69839, \"type\": 0}", "key.id": 5285489833672704, "key": "ahhzfnNjaHdlaXplcmRldXRzY2hvbmxpbmVyGwsSDlF1ZXN0aW9uRW50aXR5GICAgICA5LEJDKIBCW5zX3NhbXBsZQ"},
    {"key.name": "None", "data": "{\"description\": \"Imported from unit \\\"Checking your facts\\\", lesson \\\"Variant data\\\" (question #2)\", \"multiple_selections\": false, \"question\": \"<p><b>2.</b> Which of the following searches would be most efficient to locate the original source of the data point that 90% of people don\\u2019t know Control-F?</p>\", \"choices\": [{\"text\": \"[90 percent know Control-F]\", \"score\": 0.0, \"feedback\": \"Try again. Is there a shorter way you could write this query?\"}, {\"text\": \"[90 Control-F]\", \"score\": 1.0, \"feedback\": \"Correct! When you need to know where a piece of data comes from, you should pick out the terms that you know will appear consistently in every source that talks about your subject. I know that the number 90 will appear in all reports on this study, and I know that Control-F will, as well. Beyond that, I cannot be certain of any terms appearing in all pages talking about the study. I can always add more words later if I get too many irrelevant results.\"}, {\"text\": \"[know Control-F]\", \"score\": 0.0, \"feedback\": \"Try again. What is the best way to identify a source? Are you using specific information that will find sources that give that specific fact?\"}, {\"text\": \"[number of people who know Control-F]\", \"score\": 0.0, \"feedback\": \"Try again. What is the best way to identify a source? Are you using specific information that will find sources that give that specific fact?\"}], \"version\": \"1.5\", \"last_modified\": 1415191898.6981101, \"type\": 0}", "key.id": 5350511075131392, "key": "ahhzfnNjaHdlaXplcmRldXRzY2hvbmxpbmVyGwsSDlF1ZXN0aW9uRW50aXR5GICAgICvyMAJDKIBCW5zX3NhbXBsZQ"},
    {"key.name": "None", "data": "{\"description\": \"Imported from unit \\\"Introduction\\\", lesson \\\"How search works\\\" (question #1, part #2)\", \"multiple_selections\": false, \"question\": \"Pages with font size the same as you type into Google get listed first.\", \"choices\": [{\"text\": \"True\", \"score\": 0.0}, {\"text\": \"False\", \"score\": 1.0}], \"version\": \"1.5\", \"last_modified\": 1415191890.1572101, \"type\": 0}", "key.id": 5377838609858560, "key": "ahhzfnNjaHdlaXplcmRldXRzY2hvbmxpbmVyGwsSDlF1ZXN0aW9uRW50aXR5GICAgIDa48YJDKIBCW5zX3NhbXBsZQ"},
    {"key.name": "None", "data": "{\"description\": \"Imported from assessment \\\"Sample peer review assignment\\\" (question #1)\", \"graders\": [{\"matcher\": \"regex\", \"score\": 1.0, \"response\": \"/.*/i\"}], \"question\": \"Please write your response in a Google doc, and paste the link to the doc in the answer box below. You will need to ensure that your doc can be viewed by reviewers; please see this <a href=\\\"https://support.google.com/drive/bin/answer.py?hl=en&answer=2494822&topic=2816927&rd=1\\\">help page</a> for instructions on how to do this.\", \"version\": \"1.5\", \"last_modified\": 1415191901.0078399, \"type\": 1}", "key.id": 5418830851473408, "key": "ahhzfnNjaHdlaXplcmRldXRzY2hvbmxpbmVyGwsSDlF1ZXN0aW9uRW50aXR5GICAgIDejNAJDKIBCW5zX3NhbXBsZQ"},
    {"key.name": "None", "data": "{\"description\": \"Imported from assessment \\\"Post-course assessment\\\" (question #4)\", \"graders\": [{\"matcher\": \"case_insensitive\", \"score\": 1.0, \"response\": \"existe um rest?\"}], \"question\": \"You decide to attend the Summer Olympics and find yourself surrounded by Portuguese speakers. How would you say, \\\"Is there a cheap restaurant around here?\\\" in Portuguese?\\\"<br/>[this version of the question uses a case-insensitive string match]\", \"version\": \"1.5\", \"last_modified\": 1415191901.6984, \"type\": 1}", "key.id": 5426227322028032, "key": "ahhzfnNjaHdlaXplcmRldXRzY2hvbmxpbmVyGwsSDlF1ZXN0aW9uRW50aXR5GICAgICA5NEJDKIBCW5zX3NhbXBsZQ"},
    {"key.name": "None", "data": "{\"description\": \"Imported from assessment \\\"Pre-course assessment\\\" (question #1)\", \"multiple_selections\": false, \"question\": \"Which of the sections in the image below are advertisements?<p><img src=\\\"assets/img/Image0.1.png\\\" alt=\\\"search results for test question\\\" height=440 width=800 title=\\\"search results for test question\\\">\", \"choices\": [{\"text\": \"A and B\", \"score\": 0.0}, {\"text\": \"D and B\", \"score\": 0.0}, {\"text\": \"A and C\", \"score\": 1.0}, {\"text\": \"C and D\", \"score\": 0.0}, {\"text\": \"I don't know\", \"score\": 0.0}], \"version\": \"1.5\", \"last_modified\": 1415191888.89925, \"type\": 0}", "key.id": 5629499534213120, "key": "ahhzfnNjaHdlaXplcmRldXRzY2hvbmxpbmVyGwsSDlF1ZXN0aW9uRW50aXR5GICAgICAgIAKDKIBCW5zX3NhbXBsZQ"},
    {"key.name": "None", "data": "{\"description\": \"Imported from assessment \\\"Mid-course assessment\\\" (question #5)\", \"multiple_selections\": false, \"question\": \"Another dog up for adoption is described as having a black patch on her occiput. You understand from context that it is a body part. What type of media would be most efficient to look in to get a quick idea of where the occiput is?\", \"choices\": [{\"text\": \"Google Maps\", \"score\": 0.0}, {\"text\": \"Google Discussions\", \"score\": 0.0}, {\"text\": \"Google Blog Search\", \"score\": 0.0}, {\"text\": \"Google Images\", \"score\": 1.0}, {\"text\": \"I don't know\", \"score\": 0.0}], \"version\": \"1.5\", \"last_modified\": 1415191896.0955501, \"type\": 0}", "key.id": 5631986051842048, "key": "ahhzfnNjaHdlaXplcmRldXRzY2hvbmxpbmVyGwsSDlF1ZXN0aW9uRW50aXR5GICAgICvyIAKDKIBCW5zX3NhbXBsZQ"},
    {"key.name": "None", "data": "{\"description\": \"Imported from unit \\\"Introduction\\\", lesson \\\"How search works\\\" (question #2)\", \"multiple_selections\": false, \"question\": \"<br><br><br>In the image below, identify the area(s) that are ads.<br><br><img src=\\\"assets/img/Image1.5.png\\\" width=\\\"785\\\" height=\\\"500\\\" usemap=\\\"#Image1\\\" border=\\\"0\\\"><p>Where are the ads?<p>\", \"choices\": [{\"text\": \"A\", \"score\": 0.0, \"feedback\": \"Your answer is incorrect. Can you identify the two places where there are ads? Please try again.\"}, {\"text\": \"B\", \"score\": 0.0, \"feedback\": \"Your answer is incorrect. Can you identify the two places where there are ads? Please try again.\"}, {\"text\": \"C\", \"score\": 0.0, \"feedback\": \"Your answer is incorrect. Can you identify the two places where there are ads? Please try again.\"}, {\"text\": \"D\", \"score\": 0.0, \"feedback\": \"Your answer is incorrect. Can you identify the two places where there are ads? Please try again.\"}, {\"text\": \"A and B\", \"score\": 0.0, \"feedback\": \"Your answer is incorrect. Can you identify the two places where there are ads? Please try again.\"}, {\"text\": \"B and C\", \"score\": 1.0, \"feedback\": \"Your answer is correct! You have completed this activity.\"}, {\"text\": \"C and D\", \"score\": 0.0, \"feedback\": \"Your answer is incorrect. Can you identify the two places where there are ads? Please try again.\"}], \"version\": \"1.5\", \"last_modified\": 1415191890.54969, \"type\": 0}", "key.id": 5634472569470976, "key": "ahhzfnNjaHdlaXplcmRldXRzY2hvbmxpbmVyGwsSDlF1ZXN0aW9uRW50aXR5GICAgIDekIEKDKIBCW5zX3NhbXBsZQ"},
    {"key.name": "None", "data": "{\"defaultFeedback\": \"Try again. Consider what color would be dominant in images of charts, tables, and graphs. Look at the results above. Each of those sources is traditionally printed on paper.\", \"description\": \"Imported from unit \\\"Introduction\\\", lesson \\\"Filter image results by color\\\" (question #2)\", \"hint\": \"Our search expert says: I would click on white in the color grid, since many charts, tables, and graphs have white backgrounds.\", \"graders\": [{\"matcher\": \"regex\", \"score\": 1.0, \"response\": \"/white?/i\", \"feedback\": \"Correct! Many charts, tables, and graphs have white backgrounds, so filtering for white images helps you find them faster.\"}], \"question\": \"<br><br><br><img src=\\\"assets/img/Image1.3.png\\\" height=450 width=785><p/><br><b>2.</b> You want statistics on college loans. If you search using [college loans statistics], you get the image results above. What color would you click to see just the charts and graphs? \", \"version\": \"1.5\", \"last_modified\": 1415191889.4080801, \"type\": 1}", "key.id": 5639445604728832, "key": "ahhzfnNjaHdlaXplcmRldXRzY2hvbmxpbmVyGwsSDlF1ZXN0aW9uRW50aXR5GICAgIC8oYIKDKIBCW5zX3NhbXBsZQ"},
    {"key.name": "None", "data": "{\"description\": \"Imported from unit \\\"Interpreting results\\\", lesson \\\"Thinking more deeply about your search\\\" (question #1)\", \"multiple_selections\": false, \"question\": \"<table border=\\\"2\\\"><tr><td> <b>Search Tips:</b><p> <ul><li>Sometimes search results offer information that suggests a better or additional search.<li>Use [define] in the search box to identify the meaning of words.<li>Click on Search Tools in the left panel, then Dictionary to define words that do not appear in traditional dictionaries.</ul> </tr></td></table><b>1.</b> You are a cosmetologist and business owner, and have been asked by a few clients if you are going to offer those fish that clean people's feet. To learn more, you search for [fish clean feet]. <p><a href=\\\"assets/img/Image2.2.1.png\\\" target=\\\"_blank\\\"><img src=\\\"assets/img/Image2.2.1.png\\\" width=\\\"618\\\" height=\\\"504\\\" alt=\\\"search results for [fish clean feet]\\\" title=\\\"search results for [fish clean feet]\\\"></a><p> Do these results look helpful for making business decisions?\", \"choices\": [{\"text\": \"Yes\", \"score\": 0.0, \"feedback\": \"Your answer is incorrect. Please try again.\"}, {\"text\": \"No\", \"score\": 1.0, \"feedback\": \"Your answer is correct! These results appear to be casual information; the kind that is shared friend-to-friend. For business decisions, you probably should consider more professional or formal sources of information about this trend.\"}], \"version\": \"1.5\", \"last_modified\": 1415191892.1977501, \"type\": 0}", "key.id": 5644406560391168, "key": "ahhzfnNjaHdlaXplcmRldXRzY2hvbmxpbmVyGwsSDlF1ZXN0aW9uRW50aXR5GICAgIDtsYMKDKIBCW5zX3NhbXBsZQ"},
    {"key.name": "None", "data": "{\"description\": \"Imported from unit \\\"Introduction\\\", lesson \\\"Filter image results by color\\\" (question #1)\", \"multiple_selections\": false, \"question\": \"<table border=\\\"2\\\"><tr><td><b>Search Tips:</b><p><ul><li>In the last video, you learned how to use color filtering within image search to narrow your image results to images made up primarily of a certain color. You do this by clicking on the appropriate colored box in the left panel. <li>Please note that you can\\u2019t filter by color on iPad or Android tablets, but you can answer the questions below as if you were using a laptop or desktop computer.</ul><p></tr></td></table><br><img src=\\\"assets/img/Image1.1a.png\\\" height=450 width=785><p/><b>1.</b> You want to re-read an introductory accounting textbook from school, but you cannot remember the exact title. You recall that the cover is yellow and has puzzle pieces on it. In the image above, where would you click to filter the results in order to locate the book?\", \"choices\": [{\"text\": \"A\", \"score\": 0.0, \"feedback\": \"Please try again.\"}, {\"text\": \"B\", \"score\": 0.0, \"feedback\": \"Please try again.\"}, {\"text\": \"C\", \"score\": 0.0, \"feedback\": \"Please try again.\"}, {\"text\": \"D\", \"score\": 1.0, \"feedback\": \"Correct! Filtering by color would help you view all the books with yellow covers.\"}], \"version\": \"1.5\", \"last_modified\": 1415191889.21928, \"type\": 0}", "key.id": 5649391675244544, "key": "ahhzfnNjaHdlaXplcmRldXRzY2hvbmxpbmVyGwsSDlF1ZXN0aW9uRW50aXR5GICAgID4woQKDKIBCW5zX3NhbXBsZQ"},
    {"key.name": "None", "data": "{\"description\": \"Imported from unit \\\"Introduction\\\", lesson \\\"Finding text on a web page\\\" (question #1, part #3)\", \"multiple_selections\": false, \"question\": \"<b>3.</b> Which state (Iowa or Maine) had an earthquake more recently?\", \"choices\": [{\"text\": \"Iowa\", \"score\": 0.0}, {\"text\": \"Maine\", \"score\": 1.0}], \"version\": \"1.5\", \"last_modified\": 1415191891.70188, \"type\": 0}", "key.id": 5654313976201216, "key": "ahhzfnNjaHdlaXplcmRldXRzY2hvbmxpbmVyGwsSDlF1ZXN0aW9uRW50aXR5GICAgICZ0oUKDKIBCW5zX3NhbXBsZQ"},
    {"key.name": "None", "data": "{\"description\": \"Imported from unit \\\"Introduction\\\", lesson \\\"How search works\\\" (question #1, part #5)\", \"multiple_selections\": false, \"question\": \"If the words you type in appear near each other on a page, it may get listed higher in your results.\", \"choices\": [{\"text\": \"True\", \"score\": 0.0}, {\"text\": \"False\", \"score\": 1.0}], \"version\": \"1.5\", \"last_modified\": 1415191890.1572101, \"type\": 0}", "key.id": 5659313586569216, "key": "ahhzfnNjaHdlaXplcmRldXRzY2hvbmxpbmVyGwsSDlF1ZXN0aW9uRW50aXR5GICAgIDa44YKDKIBCW5zX3NhbXBsZQ"},
    {"key.name": "None", "data": "{\"defaultFeedback\": \"\", \"description\": \"Imported from unit \\\"Interpreting results\\\", lesson \\\"Thinking more deeply about your search\\\" (question #2)\", \"hint\": \"Possible search terms based on the results above could be [fish pedicure], [doctor fish], or [fish spa].\", \"graders\": [{\"matcher\": \"regex\", \"score\": 1.0, \"response\": null, \"feedback\": \"\"}], \"question\": \"<p><b>2.</b> You modify your search to give you more precise information. What are some more business-oriented terms suggested by these results?</p>\", \"version\": \"1.5\", \"last_modified\": 1415191892.43068, \"type\": 1}", "key.id": 5664248772427776, "key": "ahhzfnNjaHdlaXplcmRldXRzY2hvbmxpbmVyGwsSDlF1ZXN0aW9uRW50aXR5GICAgICr84cKDKIBCW5zX3NhbXBsZQ"},
    {"key.name": "None", "data": "{\"defaultFeedback\": \"Please try again. What operator would you use to search for pages just within the BLS.gov website?\", \"description\": \"Imported from unit \\\"Advanced techniques\\\", lesson \\\"Web organization\\\" (question #2)\", \"hint\": \"Our search expert says: I would use [site:bls.gov wages animal trainers]. The site: operator lets me look for occurrences of wages and animal and trainers just within the Bureau of Labor Statistics website.\", \"graders\": [{\"matcher\": \"regex\", \"score\": 1.0, \"response\": \"/site:bls.gov?/i\", \"feedback\": \"Correct! You can use site: to search just within the contents of one website. The query should include site:bls.gov.\"}], \"question\": \"<p><b>2.</b> You are having a bad day at work, and think you might give it all up and follow your childhood dream to become an animal trainer. Feeling serious for a moment, you decide to check the Bureau of Labor Statistics (bls.gov) to see the wages for animal trainers. What would your search look like?</p>\", \"version\": \"1.5\", \"last_modified\": 1415191893.79375, \"type\": 1}", "key.id": 5676073085829120, "key": "ahhzfnNjaHdlaXplcmRldXRzY2hvbmxpbmVyGwsSDlF1ZXN0aW9uRW50aXR5GICAgIC8y4oKDKIBCW5zX3NhbXBsZQ"},
    {"key.name": "None", "data": "{\"description\": \"Imported from unit \\\"Interpreting results\\\", lesson \\\"Understand options for different media\\\" (question #1)\", \"multiple_selections\": false, \"question\": \"<table border=\\\"2\\\"><tr><td> <b>Search Tips:</b><p> <ul><li>Use image search when it appears in search results, and use related image search to refine results.<li>Refine results by using different media types like videos and news; these filters appear in the left side of the search results page.<li>Google\\u2019s left menu does not appear on tablet computers (iPads, Android tablets).</ul> </tr></td></table><br><b>1.</b> Your friend was telling you about this new term for a kind of urban protest graffiti called \\\"Yarnbombing\\\". Despite the name, the friend said it is a completely light-hearted, non-violent art form, but you do not understand what it is. <p>What is the most efficient way to find recent News articles about yarnbombing?\", \"choices\": [{\"text\": \"[yarnbombing news article]\", \"score\": 0.0, \"feedback\": \"Try again. This is a risky approach, since many news articles do not call themselves 'news articles' on the page. Those search terms may make it harder to find good content.\"}, {\"text\": \"[yarnbombing] then click News in the left menu\", \"score\": 1.0, \"feedback\": \"Correct! Using a collection of a specific type of media, like News, can help you get to the best pages faster.\"}, {\"text\": \"[i would like to find news articles about yarnbombing]\", \"score\": 0.0, \"feedback\": \"Try again. We want to avoid including a lot of extra, confusing words into a query.\"}, {\"text\": \"[what are some recent publications about yarnbombing]\", \"score\": 0.0, \"feedback\": \"Try again. Stating what you want in this way, introduces a lot of extra words into a query.\"}], \"version\": \"1.5\", \"last_modified\": 1415191892.9249301, \"type\": 0}", "key.id": 5682617542246400, "key": "ahhzfnNjaHdlaXplcmRldXRzY2hvbmxpbmVyGwsSDlF1ZXN0aW9uRW50aXR5GICAgID4iYwKDKIBCW5zX3NhbXBsZQ"},
    {"key.name": "None", "data": "{\"defaultFeedback\": \"\", \"description\": \"Imported from unit \\\"Introduction\\\", lesson \\\"The art of keyword choices\\\" (question #1)\", \"hint\": \"Our expert says: Different people have different styles for searching for information. Here is how I identified the sandwich--though it is not the only way to arrive at an answer.\\\\n\\\\nI searched for [french sandwich tuna peppers anchovies]. \\\\n\\\\nRemember how Dan talked about thinking about what you want to find? What words will be on the kind of page you want to appear? \\\\n\\\\nSo, ask yourself what kind of page is likely to:\\\\n\\\\n1. Give the name of this sandwich?\\\\n2. Be a common resource on the web?\\\\n3. Make use of the other information you have about the sandwich--since the name was obviously a dead-end?\\\\n\\\\nI thought of a recipe! A recipe lists all of the ingredients. In this case, the chef knew several of the ingredients, but did not connect the fact that she knew them to the idea that she could use them in a basic web search.\\\\n\\\\nScroll down to continue. \", \"graders\": [{\"matcher\": \"regex\", \"score\": 1.0, \"response\": null, \"feedback\": \"\"}], \"question\": \"<table border=\\\"1\\\"><tr><td><b>Search Tips:</b><p><ul><li>In the last video you learned how to select effective keywords. Remember to think about the words you think will be in your desired results page.<p> <li>Determine the most important words in your search as well as potential synonyms.</ul><p> </tr></td></table>You received this letter from a friend. <p><font style=\\\"font-style:italic;\\\">Hi, I am a chef and a food blogger.  Recently, I wanted to write about this really yummy French sandwich with tuna and peppers and anchovies and stuff called a Pom Mignon, or something like that. For the life of me, I don\\u2019t know precisely what it is called. I spent half an hour last night typing every possible spelling I could think of into Google, but could not find it. What do I do now? <p>Thank you,<br>L.</font><p>Given what you know about this problem, what query would you use to solve it?<p>\", \"version\": \"1.5\", \"last_modified\": 1415191891.1231501, \"type\": 1}", "key.id": 5700305828184064, "key": "ahhzfnNjaHdlaXplcmRldXRzY2hvbmxpbmVyGwsSDlF1ZXN0aW9uRW50aXR5GICAgIDejJAKDKIBCW5zX3NhbXBsZQ"},
    {"key.name": "None", "data": "{\"defaultFeedback\": \"\", \"description\": \"Imported from unit \\\"Introduction\\\", lesson \\\"The art of keyword choices\\\" (question #2)\", \"hint\": \"Pan Bagnat!\", \"graders\": [{\"matcher\": \"regex\", \"score\": 1.0, \"response\": null, \"feedback\": \"\"}], \"question\": \"<br><br>Can you find the name of the sandwich in the results below?<br><br><img src=\\\"assets/img/Image10.1.png\\\"/><p><br>What's the name of the sandwich?<br>\", \"version\": \"1.5\", \"last_modified\": 1415191891.3583, \"type\": 1}", "key.id": 5707702298738688, "key": "ahhzfnNjaHdlaXplcmRldXRzY2hvbmxpbmVyGwsSDlF1ZXN0aW9uRW50aXR5GICAgICA5JEKDKIBCW5zX3NhbXBsZQ"},
    {"key.name": "None", "data": "{\"defaultFeedback\": \"\", \"description\": \"Imported from unit \\\"Interpreting results\\\", lesson \\\"Thinking more deeply about your search\\\" (question #3)\", \"hint\": \"Any of the following would work: [define psoriasis], [define:psoriasis], [define: psoriasis].\", \"graders\": [{\"matcher\": \"regex\", \"score\": 1.0, \"response\": null, \"feedback\": \"\"}], \"question\": \"<p><b>3.</b> While you are researching more about fish pedicures and doctor fish (which go by the scientific name of Garra rufa), you discover that the Centers for Disease Control says \\\"Garra rufa are native to the Middle East, where they have been used as a medical treatment for individuals with skin diseases, like psoriasis.\\\" You want to know what psoriasis is. What would your search look like?</p>\", \"version\": \"1.5\", \"last_modified\": 1415191892.67959, \"type\": 1}", "key.id": 5730082031140864, "key": "ahhzfnNjaHdlaXplcmRldXRzY2hvbmxpbmVyGwsSDlF1ZXN0aW9uRW50aXR5GICAgICr75YKDKIBCW5zX3NhbXBsZQ"},
    {"key.name": "None", "data": "{\"description\": \"Imported from assessment \\\"Sample peer review assignment\\\" (question #2)\", \"multiple_selections\": false, \"question\": \"How many Power Search concepts did you use in your writeup?\", \"choices\": [{\"text\": \"0 - 2\", \"score\": 0.0}, {\"text\": \"3\", \"score\": 0.0}, {\"text\": \"4 -- 5\", \"score\": 0.0}, {\"text\": \"More than 5\", \"score\": 0.0}], \"version\": \"1.5\", \"last_modified\": 1415191901.0078399, \"type\": 0}", "key.id": 5841043316539392, "key": "ahhzfnNjaHdlaXplcmRldXRzY2hvbmxpbmVyGwsSDlF1ZXN0aW9uRW50aXR5GICAgIDejLAKDKIBCW5zX3NhbXBsZQ"},
    {"key.name": "None", "data": "{\"description\": \"Imported from assessment \\\"Post-course assessment\\\" (question #5)\", \"graders\": [{\"matcher\": \"regex\", \"score\": 1.0, \"response\": \"/existe um rest?/i\"}], \"question\": \"You decide to attend the Summer Olympics and find yourself surrounded by Portuguese speakers. How would you say, \\\"Is there a cheap restaurant around here?\\\" in Portuguese?\\\"<br/>[this version of the question uses a regular expression match]\", \"version\": \"1.5\", \"last_modified\": 1415191901.6984, \"type\": 1}", "key.id": 5848439787094016, "key": "ahhzfnNjaHdlaXplcmRldXRzY2hvbmxpbmVyGwsSDlF1ZXN0aW9uRW50aXR5GICAgICA5LEKDKIBCW5zX3NhbXBsZQ"},
    {"key.name": "None", "data": "{\"description\": \"Imported from assessment \\\"Mid-course assessment\\\" (question #2)\", \"multiple_selections\": false, \"question\": \"You run two searches: [mountain dog] and [dog mountain]\", \"choices\": [{\"text\": \"The top results would be the same.\", \"score\": 0.0}, {\"text\": \"The top results would be different.\", \"score\": 1.0}, {\"text\": \"I don't know\", \"score\": 0.0}], \"version\": \"1.5\", \"last_modified\": 1415191896.09554, \"type\": 0}", "key.id": 5913461028552704, "key": "ahhzfnNjaHdlaXplcmRldXRzY2hvbmxpbmVyGwsSDlF1ZXN0aW9uRW50aXR5GICAgICvyMAKDKIBCW5zX3NhbXBsZQ"},
    {"key.name": "None", "data": "{\"defaultFeedback\": \"Try again. Consider the special features in Google Maps that allow you to take a stroll around a neighborhood before visiting it.\", \"description\": \"Imported from unit \\\"Putting it all together\\\", lesson \\\"Think broadly\\\" (question #1)\", \"hint\": \"Our search expert says: I found a Japanese sushi restaurant using Street View in Google Maps. It allows you to check out a neighborhood you want to visit and make sure it meets your needs.\", \"graders\": [{\"matcher\": \"regex\", \"score\": 1.0, \"response\": \"/japanese|sushi/i\", \"feedback\": \"Correct! Using Street View in Google Maps allows you to check out a neighborhood you want to visit and make sure it meets your needs.\"}], \"question\": \"<table border=\\\"2\\\"><tr><td><b>Search Tips:</b><p><ul><li>Combine methods and approaches to find information efficiently.</li><li>Use tools that are not traditionally used for research, like Maps and Street View.<li>On tablets, it\\u2019s best to use the Google Maps application instead of looking at streetview in the browser.</ul></tr></td></table>You are finally getting that long-awaited dream trip to Paris. You want to stay at the MERCURE PARIS MONTMARTRE SACRE COEUR in Paris at 3 Rue Caulaincourt 75018 France. Most people say it is a lovely neighborhood, but you want to see what it looks like--especially the walk from the hotel to the Place de Clichy metro station just over a block away.<br><br>Take a stroll from your hotel to the subway station.<br><br>As you go, be sure to notice some of the restaurants available just across the street from your hotel.<br><br>What kind of restaurant is there between the sandwich shop and the souvenir store just across the street--that one with the black, white, and red sign?<br><br>\", \"version\": \"1.5\", \"last_modified\": 1415191900.4799299, \"type\": 1}", "key.id": 5915947546181632, "key": "ahhzfnNjaHdlaXplcmRldXRzY2hvbmxpbmVyGwsSDlF1ZXN0aW9uRW50aXR5GICAgIDekMEKDKIBCW5zX3NhbXBsZQ"},
    {"key.name": "None", "data": "{\"description\": \"Imported from unit \\\"Introduction\\\", lesson \\\"How search works\\\" (question #1, part #6)\", \"multiple_selections\": false, \"question\": \"Pages which are linked to by lots of other pages--especially other high quality pages--are listed higher.\", \"choices\": [{\"text\": \"True\", \"score\": 1.0}, {\"text\": \"False\", \"score\": 0.0}], \"version\": \"1.5\", \"last_modified\": 1415191890.1572199, \"type\": 0}", "key.id": 5940788563279872, "key": "ahhzfnNjaHdlaXplcmRldXRzY2hvbmxpbmVyGwsSDlF1ZXN0aW9uRW50aXR5GICAgIDa48YKDKIBCW5zX3NhbXBsZQ"},
    {"key.name": "None", "data": "{\"description\": \"Imported from assessment \\\"Sample peer review assignment\\\" (review question #2)\", \"graders\": [{\"matcher\": \"regex\", \"score\": 1.0, \"response\": \"/.*/i\"}], \"question\": \"Please provide feedback for the assignment author.\", \"version\": \"1.5\", \"last_modified\": 1415191901.0078499, \"type\": 1}", "key.id": 5981780804894720, "key": "ahhzfnNjaHdlaXplcmRldXRzY2hvbmxpbmVyGwsSDlF1ZXN0aW9uRW50aXR5GICAgIDejNAKDKIBCW5zX3NhbXBsZQ"},
    {"key.name": "None", "data": "{\"description\": \"Imported from assessment \\\"Post-course assessment\\\" (question #7)\", \"multiple_selections\": false, \"question\": \"You recall that in past years, the Olympics have included some sports that were popular in the host country. Although medals awarded in these events were not official, they were often fun to watch. You try searching for the topic, and get these results:<p><img src=\\\"assets/img/Image7.7.png\\\" width=\\\"500\\\" height=\\\"500\\\" alt=\\\"search results for test question\\\" title=\\\"search results for test question\\\"><br/>What term do these results suggest that would give you a more focused query on this topic?\", \"choices\": [{\"text\": \"Demonstration sport\", \"score\": 1.0}, {\"text\": \"Masters Athletics\", \"score\": 0.0}, {\"text\": \"Olympic Sports\", \"score\": 0.0}, {\"text\": \"Olympic Games\", \"score\": 0.0}, {\"text\": \"I don't know\", \"score\": 0.0}], \"version\": \"1.5\", \"last_modified\": 1415191901.6984, \"type\": 0}", "key.id": 5989177275449344, "key": "ahhzfnNjaHdlaXplcmRldXRzY2hvbmxpbmVyGwsSDlF1ZXN0aW9uRW50aXR5GICAgICA5NEKDKIBCW5zX3NhbXBsZQ"},
    {"key.name": "None", "data": "{\"description\": \"Imported from unit \\\"Putting it all together\\\", lesson \\\"Combining methods\\\" (question #2)\", \"multiple_selections\": false, \"question\": \"<p><b>2.</b> You work for an environmental services company. NASA\\u2019s website indicates that the agency is a model of sustainability. You want to get a better notion of what others think about their environmental management. You decide to look at what other government (.gov) or military (.mil) organizations have to say about NASA\\u2019s programs. You do not want to see results from NASA.gov itself.</p><p>You know that you want the following elements in your search: [nasa environmental management OR policy]; .mil sites; .gov sites; but NOT anything from NASA.gov. Go to a new tab and search for this information in Google.</p><p>Did your search match any of the following? Which will work best?</p>\", \"choices\": [{\"text\": \"[nasa environmental management OR policy site:gov OR site:mil]\", \"score\": 0.0, \"feedback\": \"Please try again. What do you need to do to eliminate a website you don\\u2019t want from your results?\"}, {\"text\": \"[nasa environmental management OR policy site:gov OR site:mil -site:nasa.gov]\", \"score\": 1.0, \"feedback\": \"Correct! You have to cover both the .gov and the .mil domain. You do this with site: searches that have ORs in between them. To get rid of results from the NASA site, you again do a site: search, this time with a minus sign in front of it.\"}, {\"text\": \"[nasa environmental management OR policy site:gov OR site:mil -nasa]\", \"score\": 0.0, \"feedback\": \"Please try again. Consider what happens if you just tell Google [-nasa]. What will that eliminate?\"}, {\"text\": \"[nasa environmental management policy site:gov site:mil -site:nasa.gov]\", \"score\": 0.0, \"feedback\": \"Please try again. Right now, how are you asking Google to behave towards synonyms or similar concepts? Will Google be able to carry out this query?\"}], \"version\": \"1.5\", \"last_modified\": 1415191900.2019999, \"type\": 0}", "key.id": 6004121614155776, "key": "ahhzfnNjaHdlaXplcmRldXRzY2hvbmxpbmVyGwsSDlF1ZXN0aW9uRW50aXR5GICAgID4ltUKDKIBCW5zX3NhbXBsZQ"},
    {"key.name": "None", "data": "{\"description\": \"Imported from assessment \\\"Pre-course assessment\\\" (question #2)\", \"multiple_selections\": false, \"question\": \"When searching Google Images, you can drag an image into the search bar and find webpages where it appears online.\", \"choices\": [{\"text\": \"True\", \"score\": 1.0}, {\"text\": \"False\", \"score\": 0.0}, {\"text\": \"I don't know\", \"score\": 0.0}], \"version\": \"1.5\", \"last_modified\": 1415191888.89926, \"type\": 0}", "key.id": 6192449487634432, "key": "ahhzfnNjaHdlaXplcmRldXRzY2hvbmxpbmVyGwsSDlF1ZXN0aW9uRW50aXR5GICAgICAgIALDKIBCW5zX3NhbXBsZQ"},
    {"key.name": "None", "data": "{\"description\": \"Imported from assessment \\\"Mid-course assessment\\\" (question #1)\", \"multiple_selections\": false, \"question\": \"You want to search exclusively within the Humane Society website (humanesociety.org) to find pages about puppy training.<br/><img src=\\\"assets/img/Image8.7.png\\\" height=\\\"300\\\" width=\\\"450\\\" alt=\\\"search results for test question\\\" title=\\\"search results for test question\\\"><p>What would be the best query to type into the search box to see results like these?\", \"choices\": [{\"text\": \"[site:humanesociety.org puppy training]\", \"score\": 1.0}, {\"text\": \"[humane society puppy training]\", \"score\": 0.0}, {\"text\": \"[puppy training pages in humansociety.org website]\", \"score\": 0.0}, {\"text\": \"[i need info about puppy training from humanesociety.org]\", \"score\": 0.0}, {\"text\": \"I don't know\", \"score\": 0.0}], \"version\": \"1.5\", \"last_modified\": 1415191896.09553, \"type\": 0}", "key.id": 6194936005263360, "key": "ahhzfnNjaHdlaXplcmRldXRzY2hvbmxpbmVyGwsSDlF1ZXN0aW9uRW50aXR5GICAgICvyIALDKIBCW5zX3NhbXBsZQ"},
    {"key.name": "None", "data": "{\"description\": \"Imported from unit \\\"Advanced techniques\\\", lesson \\\"OR and quotes\\\" (question #3)\", \"multiple_selections\": false, \"question\": \"<p><b>3.</b> You would like to find information on green marketing, the practice of portraying companies as being environmentally responsible. You look at your initial search results, and see that \\\"Greenwashing\\\" is a term used to describe this idea. But there are also synonyms: greenscamming and greenspeak. What search would you run to find pages using any of those three synonyms?</p>\", \"choices\": [{\"text\": \"[greenwashing greenscamming greenspeak]\", \"score\": 0.0, \"feedback\": \"Please try again. You need to use an operator to tell Google that you only need one word from this set of options. Just typing in all the words like this will only find pages containing all three words, and miss pages that use just one of them.\"}, {\"text\": \"[greenwashing, greenscamming, greenspeak]\", \"score\": 0.0, \"feedback\": \"Please try again. Google ignores commas.\"}, {\"text\": \"[greenwashing or greenscamming or greenspeak]\", \"score\": 0.0, \"feedback\": \"Please try again. Google only interprets OR as an operator when both the O and the R are written in capital letters. When it is written in lowercase (or) the word is interpreted as a search term. Here, Google would prefer pages containing all of the following words: greenwashing, or, greanscamming, and greenspeak.\"}, {\"text\": \"[greenwashing OR greenscamming OR greenspeak]\", \"score\": 1.0, \"feedback\": \"Correct! You can use OR (all in capital letters) between two words to have Google find pages using one word OR the other.\"}], \"version\": \"1.5\", \"last_modified\": 1415191895.31359, \"type\": 0}", "key.id": 6197422522892288, "key": "ahhzfnNjaHdlaXplcmRldXRzY2hvbmxpbmVyGwsSDlF1ZXN0aW9uRW50aXR5GICAgIDekIELDKIBCW5zX3NhbXBsZQ"},
    {"key.name": "None", "data": "{\"description\": \"Imported from unit \\\"Find facts faster\\\", lesson \\\"Search features\\\" (question #1)\", \"multiple_selections\": false, \"question\": \"<table border=\\\"2\\\"><tr><td><b>Search Tips:</b><p><ul><li>Find facts quickly with shortcuts (search features).<li>Google search features include weather, time, flight numbers, earthquakes, world capitals, sunrise/sunset times, movies, stock quotes, sports scores, package tracking numbers, medical conditions, and medications. Check out the <a href=\\\"http://www.google.com/help/features.html\\\" target=\\\"blank\\\">full list of search features</a>.</ul></tr></td></table>Your boss is on her way to Bangalore, flying via London on American Flight 98. She broke her shoe as she was boarding and called you to arrange for new replacement shoes as soon as she lands at Heathrow airport. She heard it is monsoon season in India, so she also wants you to check the weather there.<p><form name=\\\"quiz\\\"><p><b>1.</b> What is the weather in Bangalore right now: clear, raining, cloudy? <input type=\\\"text\\\" class=\\\"alphanumericOnly\\\" style=\\\"border:1px solid black;\\\" id=\\\"txtbox1\\\" onBlur=\\\"check42(1, 'A search like [weather bangalore] or [bangalore weather] finds the weather forecast for today and the coming several days.')\\\"></p><p><font color=\\\"gray\\\">Click here to see feedback</font><br><textarea style=\\\"width: 600px; height: 30px;\\\" readonly=\\\"true\\\"  name=\\\"output1\\\"></textarea><p><b>2.</b> What time is American Flight 98 scheduled to arrive in London today? <input type=\\\"text\\\" class=\\\"alphanumericOnly\\\" style=\\\"border:1px solid black;\\\" id=\\\"txtbox2\\\" onBlur=\\\"check42(2, 'A search like [American 98] gives you up-to-date information about arrival and departure times for that flight.')\\\"></p><p><font color=\\\"gray\\\">Click here to see feedback</font><br><textarea style=\\\"width: 600px; height: 30px;\\\" readonly=\\\"true\\\"  name=\\\"output2\\\"></textarea></p><p><b>3.</b> What time is it now in London? <input type=\\\"text\\\" style=\\\"border:1px solid black;\\\" class=\\\"alphanumericOnly\\\" id=\\\"txtbox3\\\" onBlur=\\\"check42(3, 'A search like [time london] or [london time] tells you what time it is right now in London.')\\\"></p><p><font color=\\\"gray\\\">Click here to see feedback</font><br><textarea style=\\\"width: 600px; height: 30px;\\\" readonly=\\\"true\\\"  name=\\\"output3\\\"></textarea></p></form><p><b>4.</b> Also, your boss forgot her bottle of dimenhydrinate pills but she found a bottle of Dramamine for sale in the airport. She wants to know if she can take the Dramamine instead. Are the two medicines equivalent?</p>\", \"choices\": [{\"text\": \"Yes\", \"score\": 1.0, \"feedback\": \"Correct! By searching for [dimenhydrinate] and/or [dramamine] you can confirm that the two medicines are equivalent.\"}, {\"text\": \"No\", \"score\": 0.0, \"feedback\": \"Incorrect. By searching for [dimenhydrinate] and/or [dramamine] you can confirm that the two medicines are equivalent.\"}], \"version\": \"1.5\", \"last_modified\": 1415191896.6074901, \"type\": 0}", "key.id": 6207356513812480, "key": "ahhzfnNjaHdlaXplcmRldXRzY2hvbmxpbmVyGwsSDlF1ZXN0aW9uRW50aXR5GICAgIDtsYMLDKIBCW5zX3NhbXBsZQ"},
    {"key.name": "None", "data": "{\"description\": \"Imported from unit \\\"Introduction\\\", lesson \\\"Finding text on a web page\\\" (question #1, part #2)\", \"multiple_selections\": false, \"question\": \"<b>2.</b> Has there ever been an earthquake in Maine?\", \"choices\": [{\"text\": \"Yes\", \"score\": 1.0}, {\"text\": \"No\", \"score\": 0.0}], \"version\": \"1.5\", \"last_modified\": 1415191891.70188, \"type\": 0}", "key.id": 6217263929622528, "key": "ahhzfnNjaHdlaXplcmRldXRzY2hvbmxpbmVyGwsSDlF1ZXN0aW9uRW50aXR5GICAgICZ0oULDKIBCW5zX3NhbXBsZQ"},
    {"key.name": "None", "data": "{\"description\": \"Imported from unit \\\"Introduction\\\", lesson \\\"How search works\\\" (question #1, part #4)\", \"multiple_selections\": false, \"question\": \"Webmasters can get higher ranking in the results by paying Google money.\", \"choices\": [{\"text\": \"True\", \"score\": 0.0}, {\"text\": \"False\", \"score\": 1.0}], \"version\": \"1.5\", \"last_modified\": 1415191890.1572101, \"type\": 0}", "key.id": 6222263539990528, "key": "ahhzfnNjaHdlaXplcmRldXRzY2hvbmxpbmVyGwsSDlF1ZXN0aW9uRW50aXR5GICAgIDa44YLDKIBCW5zX3NhbXBsZQ"},
    {"key.name": "None", "data": "{\"defaultFeedback\": \"Try a simple conversion, using a query similar to this one: [5.4 miles in km].\", \"description\": \"Imported from unit \\\"Find facts faster\\\", lesson \\\"Conversions and Calculator\\\" (question #1)\", \"hint\": \"It is 105.8 degrees. A query like [41 c in f] will give you the conversion of Celsius to Fahrenheit.\", \"graders\": [{\"matcher\": \"regex\", \"score\": 1.0, \"response\": \"/105.8/\", \"feedback\": \"Correct! The query [41 c in f] will give you the conversion of Celsius to Fahrenheit.\"}], \"question\": \"<table border=\\\"2\\\"><tr><td> <b>Search Tips:</b><p> <ul><li>Enter any math equation into the search box, and Google will calculate your answer.<li>These search features are available on cell phone, iPad, or anywhere Google is available (like on your phone while you are cooking in the kitchen).</li> </tr></td></table> Try this activity to practice doing conversions in Google search.<p><b>1.</b> What is 41 degrees Celsius in Fahrenheit?\", \"version\": \"1.5\", \"last_modified\": 1415191896.91468, \"type\": 1}", "key.id": 6227198725849088, "key": "ahhzfnNjaHdlaXplcmRldXRzY2hvbmxpbmVyGwsSDlF1ZXN0aW9uRW50aXR5GICAgICr84cLDKIBCW5zX3NhbXBsZQ"},
    {"key.name": "None", "data": "{\"defaultFeedback\": \"What would this math problem look like? You need to multiply the amount of sugar by the number of recipes you are making, and then convert that amount into cups.\", \"description\": \"Imported from unit \\\"Find facts faster\\\", lesson \\\"Conversions and Calculator\\\" (question #3)\", \"hint\": \"It is 2.5 cups of sugar. You can either ask Google to directly calculate [4 tablespoons * 10 in cups], or you can first ask for [4 tablespoons * 10 ] and then convert [591.470591 milliliters in cups].\", \"graders\": [{\"matcher\": \"regex\", \"score\": 1.0, \"response\": \"/2.5?/\", \"feedback\": \"Correct! You can either ask Google to directly calculate [4 tablespoons * 10 in cups], or you can first ask for [4 tablespoons * 10 ] and then convert [591.470591 milliliters in cups].\"}], \"question\": \"<br><br><b>3.</b> You have a recipe for making one quart of barbecue sauce and you want to make ten quarts instead. If the original recipe calls for 4 tablespoons of sugar, how many cups of sugar should you use?\", \"version\": \"1.5\", \"last_modified\": 1415191897.31955, \"type\": 1}", "key.id": 6245567495667712, "key": "ahhzfnNjaHdlaXplcmRldXRzY2hvbmxpbmVyGwsSDlF1ZXN0aW9uRW50aXR5GICAgID4iYwLDKIBCW5zX3NhbXBsZQ"},
    {"key.name": "None", "data": "{\"defaultFeedback\": \"Think about which operator you can use to express that you want one word or the other.\", \"description\": \"Imported from unit \\\"Advanced techniques\\\", lesson \\\"OR and quotes\\\" (question #4)\", \"hint\": \"Our search expert says: I would use  [restaurant thai OR vietnamese].  You can use OR between two words to find pages including one or the other.\", \"graders\": [{\"matcher\": \"regex\", \"score\": 1.0, \"response\": \"/.+ \\\\O\\\\R .+/\", \"feedback\": \"Correct! You can use OR between two words to find pages including one or the other.\"}], \"question\": \"<p><b>4.</b> You are getting ready to go out to dinner, and you cannot decide between eating Thai food and Vietnamese food. What query could you use to find both Thai and Vietnamese restaurant choices in your area?</p>\", \"version\": \"1.5\", \"last_modified\": 1415191895.5220399, \"type\": 1}", "key.id": 6263255781605376, "key": "ahhzfnNjaHdlaXplcmRldXRzY2hvbmxpbmVyGwsSDlF1ZXN0aW9uRW50aXR5GICAgIDejJALDKIBCW5zX3NhbXBsZQ"},
    {"key.name": "None", "data": "{\"description\": \"Imported from unit \\\"Checking your facts\\\", lesson \\\"Variant data\\\" (question #1)\", \"multiple_selections\": false, \"question\": \"<table border=\\\"2\\\"><tr><td><b>Search Tips:</b><p><ul><li>Verify the credibility of information you find on the web.<li>Avoid confirmation bias when conducting searches.<li> To verify the <b>source</b> of a piece of information, use the precise information you have.<li>To confirm a <b>fact</b>, use a generic description for what you seek.<li> Example: [average length octopus] will give you information about how long an octopus is. [18 inch long octopus] will give you sources with examples of octopuses of that length.</ul></tr></td></table><p><b>1.</b> In Unit 1 Lesson 6, Dan mentioned that 90% of people don\\u2019t know about Control-F. Which of these queries is the most efficient way to help you confirm or refute that fact?</p>\", \"choices\": [{\"text\": \"[90 percent know Control-F]\", \"score\": 0.0, \"feedback\": \"Try again. What is the best way to confirm a fact? Are you using a generic description for what you seek?\"}, {\"text\": \"[90 Control-F]\", \"score\": 0.0, \"feedback\": \"Try again. What is the best way to confirm a fact? Are you using a generic description for what you seek?\"}, {\"text\": \"[know Control-F]\", \"score\": 1.0, \"feedback\": \"Correct! This is the most efficient way to verify the fact. You are using a generic description of what you seek.\"}, {\"text\": \"[number of people who know Control-F]\", \"score\": 0.0, \"feedback\": \"Try again. Is there a shorter way you could write this query?\"}], \"version\": \"1.5\", \"last_modified\": 1415191898.4991701, \"type\": 0}", "key.id": 6270652252160000, "key": "ahhzfnNjaHdlaXplcmRldXRzY2hvbmxpbmVyGwsSDlF1ZXN0aW9uRW50aXR5GICAgICA5JELDKIBCW5zX3NhbXBsZQ"},
    {"key.name": "None", "data": "{\"defaultFeedback\": \"Our search expert says that you can use Search by Image to answer this question. The temple is called Kozanji (which is spelled a variety of ways in English).\", \"description\": \"Imported from unit \\\"Find facts faster\\\", lesson \\\"Search-by-image\\\" (question #1)\", \"hint\": \"Our search expert says that you can use Search by Image to answer this question. The temple is called Kozanji (which is spelled a variety of ways in English).\\\\n\\\\n(Hint: you can drag and drop the image, or, on any webpage, right-click an image and select the option to copy it. In most browsers, this option's name starts with \\\"Copy image,\\\" except Internet Explorer for which you'll select \\\"Properties\\\" and then copy the URL that's then displayed.)\", \"graders\": [{\"matcher\": \"regex\", \"score\": 1.0, \"response\": \"/Kozanji|Kozan-ji|Kosanji|Kosan-ji/i\", \"feedback\": \"Correct--when you drag the image into the Google Images search box, Google automatically identifies it, and points you to several pages with this information.\"}], \"question\": \"<table border=\\\"2\\\"><tr><td> <b>Search Tips:</b><p> <ul><li>You can identify an image using Google search by using the \\\"Search by Image\\\" feature.<li>Visit images.google.com, or any Images results page, and click the camera icon in the search box. Enter an image URL for an image hosted on the web or upload an image from your computer.<li>  You can also Learn more about Search by Image <a href=\\\"http://support.google.com/images/bin/answer.py?hl=en&p=searchbyimagepage&answer=1325808\\\" target=\\\"_blank\\\">here</a>.<li>Search by Image is supported on these browsers: Chrome, Firefox 3.0+, Internet Explorer 8+, and Safari 5.0+. <li> To Search by Image on an Android device, use an app like Google Goggles to take a photo of an object or image. <li> Search by Image is not currently supported on tablet browsers.</ul> </tr></td></table><p>While sorting through some trinkets at a garage sale, you find the image below. There is a note scrawled on the back that says, \\\"ancestor of manga\\\". Since you are interested in manga, you decide you would like to see the original.</p><img src=\\\"http://upload.wikimedia.org/wikipedia/commons/f/fa/Chouju_sumo2.jpg\\\" border=\\\"0\\\" alt=\\\"ancestor of manga\\\" title=\\\"ancestor of manga\\\"><p> In what temple is the original located?</p>\", \"version\": \"1.5\", \"last_modified\": 1415191896.4112201, \"type\": 1}", "key.id": 6278949055234048, "key": "ahhzfnNjaHdlaXplcmRldXRzY2hvbmxpbmVyGwsSDlF1ZXN0aW9uRW50aXR5GICAgIC81ZMLDKIBCW5zX3NhbXBsZQ"},
    {"key.name": "None", "data": "{\"defaultFeedback\": \"Think about which operator you can use to keep the words together as a phrase.\", \"description\": \"Imported from unit \\\"Advanced techniques\\\", lesson \\\"OR and quotes\\\" (question #2)\", \"hint\": \"Our search expert says: I would use [\\\"don\\u2019t ask joe what it is to him\\\"]. You can use double quotes around the phrase to specify that all the words need to stay together. Think of words within quotation marks holding hands.\", \"graders\": [{\"matcher\": \"regex\", \"score\": 1.0, \"response\": \"/\\\"don\\u2019t ask joe what it is to him\\\"/i\", \"feedback\": \"Correct! You can use double quotes around the phrase to specify that all the words need to stay together.\"}], \"question\": \"<p><b>2.</b> Now you are looking for another poem, one with the line Don\\u2019t ask Joe what it is to him. Once again, the words do not stay in a phrase, but get scattered all over the page. What would your query look like if you were going to solve that problem?</p>\", \"version\": \"1.5\", \"last_modified\": 1415191895.17906, \"type\": 1}", "key.id": 6285596590866432, "key": "ahhzfnNjaHdlaXplcmRldXRzY2hvbmxpbmVyGwsSDlF1ZXN0aW9uRW50aXR5GICAgID4lpULDKIBCW5zX3NhbXBsZQ"},
    {"key.name": "None", "data": "{\"defaultFeedback\": \"\", \"description\": \"Imported from unit \\\"Find facts faster\\\", lesson \\\"Conversions and Calculator\\\" (question #2)\", \"hint\": \"Using the query [100 rupiah in yen] will find you today's approximate rate of exchange.\", \"graders\": [{\"matcher\": \"regex\", \"score\": 1.0, \"response\": null, \"feedback\": \"\"}], \"question\": \"<br><br><b>2.</b> If you have 100 Rupiah, how much do you have in Yen?\", \"version\": \"1.5\", \"last_modified\": 1415191897.09635, \"type\": 1}", "key.id": 6293031984562176, "key": "ahhzfnNjaHdlaXplcmRldXRzY2hvbmxpbmVyGwsSDlF1ZXN0aW9uRW50aXR5GICAgICr75YLDKIBCW5zX3NhbXBsZQ"},
    {"key.name": "None", "data": "{\"description\": \"Imported from assessment \\\"Sample peer review assignment\\\" (question #3)\", \"graders\": [{\"matcher\": \"regex\", \"score\": 1.0, \"response\": \"/.*/i\"}], \"question\": \"List the Power Search concepts you used.\", \"version\": \"1.5\", \"last_modified\": 1415191901.0078399, \"type\": 1}", "key.id": 6544730758316032, "key": "ahhzfnNjaHdlaXplcmRldXRzY2hvbmxpbmVyGwsSDlF1ZXN0aW9uRW50aXR5GICAgIDejNALDKIBCW5zX3NhbXBsZQ"},
    {"key.name": "None", "data": "{\"description\": \"Imported from assessment \\\"Post-course assessment\\\" (question #1)\", \"multiple_selections\": false, \"question\": \"Where will the Summer Olympics of 2016 be held?\", \"choices\": [{\"text\": \"Chicago\", \"score\": 0.0}, {\"text\": \"Tokyo\", \"score\": 0.0}, {\"text\": \"Rio de Janeiro\", \"score\": 1.0}, {\"text\": \"Madrid\", \"score\": 0.0}, {\"text\": \"I don't know\", \"score\": 0.0}], \"version\": \"1.5\", \"last_modified\": 1415191901.69839, \"type\": 0}", "key.id": 6552127228870656, "key": "ahhzfnNjaHdlaXplcmRldXRzY2hvbmxpbmVyGwsSDlF1ZXN0aW9uRW50aXR5GICAgICA5NELDKIBCW5zX3NhbXBsZQ"}
]}
