{"rows": [
    {"key.name": "None", "data": "{\"introduction\": \"<table border=\\\"1\\\"><tr><td><b>Search Tips:</b><p>In the last video, you learned how to quickly find text on a page:</p><ul><li>Windows computers: press the control and F keys at the same time. <p><li>Apple computers: press the command and F keys at the same time. <p><li>Android tablets: in a browser window, touch the menu button in the top right of the screen, then select \\\"find on page\\\". <p><li>Safari on iPad tablets: click the cursor in the search box in the upper right corner of the screen. Directly above the keyboard, a \\\"find on page\\\" box will open. </tr></td></table><p>For the following questions, go to the <a href=\\\"http://earthquake.usgs.gov/earthquakes/world/historical.php/\\\" target=\\\"_blank\\\"> US Geological Survey\\u2019s list of Historic World Earthquakes</a>.</p>\", \"items\": [{\"question\": \"5091364022779904\", \"weight\": 1.0}, {\"question\": \"6217263929622528\", \"weight\": 1.0}, {\"question\": \"5654313976201216\", \"weight\": 1.0}], \"version\": \"1.5\", \"description\": \"Imported from unit \\\"Introduction\\\", lesson \\\"Finding text on a web page\\\" (question #1)\", \"last_modified\": 1415191891.8852899}", "key.id": 5715999101812736, "key": "ahhzfnNjaHdlaXplcmRldXRzY2hvbmxpbmVyIAsSE1F1ZXN0aW9uR3JvdXBFbnRpdHkYgICAgLzVkwoMogEJbnNfc2FtcGxl"},
    {"key.name": "None", "data": "{\"introduction\": \"<table border=\\\"2\\\"><tr><td><b>Search Tips:</b><p><ul><li>In the previous video, you learned how Google searches the web to find the results of your query. <li>Google looks for the word you typed in, but sometimes also looks for synonyms or related terms. Any words appearing in boldface type in your search results are terms Google associates with your search terms. For example, if you search for [kittens] you might see the word cats in boldface in your results.<li>Ads appear in response to some queries and are always labeled ads. <li>Aside from ads, website owners cannot pay to influence the placement of their website in the search results.</ul><p></tr></td></table><br>The next several questions explore what elements impact the order in which Google returns your results. Mark whether each statement is true or false, according to Matt Cutts:<p>\", \"items\": [{\"question\": \"5096363633147904\", \"weight\": 1.0}, {\"question\": \"5377838609858560\", \"weight\": 1.0}, {\"question\": \"4814888656437248\", \"weight\": 1.0}, {\"question\": \"6222263539990528\", \"weight\": 1.0}, {\"question\": \"5659313586569216\", \"weight\": 1.0}, {\"question\": \"5940788563279872\", \"weight\": 1.0}], \"version\": \"1.5\", \"description\": \"Imported from unit \\\"Introduction\\\", lesson \\\"How search works\\\" (question #1)\", \"last_modified\": 1415191890.37886}", "key.id": 5722646637445120, "key": "ahhzfnNjaHdlaXplcmRldXRzY2hvbmxpbmVyIAsSE1F1ZXN0aW9uR3JvdXBFbnRpdHkYgICAgPiWlQoMogEJbnNfc2FtcGxl"}
]}
