{"rows": [
    {"key.name": "course_settings:unit:de", "locale": "de", "key.id": null, "created_on": "2014-11-20T20:41:53.489370Z", "key": "ahhzfnNjaHdlaXplcmRldXRzY2hvbmxpbmVyMQsSFFJlc291cmNlQnVuZGxlRW50aXR5Ihdjb3Vyc2Vfc2V0dGluZ3M6dW5pdDpkZQyiAQluc19zYW1wbGU", "updated_on": "2014-11-20T20:41:53.713540Z", "data": "{}"},
    {"key.name": "lesson:3:de", "locale": "de", "key.id": null, "created_on": "2014-11-21T20:51:07.126770Z", "key": "ahhzfnNjaHdlaXplcmRldXRzY2hvbmxpbmVyJQsSFFJlc291cmNlQnVuZGxlRW50aXR5IgtsZXNzb246MzpkZQyiAQluc19zYW1wbGU", "updated_on": "2014-11-21T20:51:07.126970Z", "data": "{}"}
]}
